latitude,longitude,acq_date,acq_time,satellite,instrument,confidence,frp,daynight,datetime,timezone,localtime,time_diff,diff_class,rlocaltime,index_right,CUT,reg_order,reg,prov,com,nom_minrel,nom_order
-23.44441,-69.49606,2025-10-02,0147,Terra,MODIS,56,"15,56",N,2025-10-02 01:47,America/Santiago,2025-10-01 22:47,"34,70",48,2025-10-01 22:50,240.0,2103.0,3.0,Antofagasta,Antofagasta,Sierra Gorda,ANTOF,02 Antofagasta
-22.31681,-68.87983,2025-10-02,0149,Terra,MODIS,50,"13,20",N,2025-10-02 01:49,America/Santiago,2025-10-01 22:49,"34,67",48,2025-10-01 22:50,236.0,2201.0,3.0,Antofagasta,El Loa,Calama,ANTOF,02 Antofagasta
-22.329,-68.895,2025-10-02,0347,GOES,GOES,59.0,"9,20",D,2025-10-02 03:47,America/Santiago,2025-10-02 00:47,"32,70",48,2025-10-02 00:50,236.0,2201.0,3.0,Antofagasta,El Loa,Calama,ANTOF,02 Antofagasta
-36.14582,-71.84306,2025-10-02,0438,N,VIIRS,n,"2,65",N,2025-10-02 04:38,America/Santiago,2025-10-02 01:38,"31,85",48,2025-10-02 01:40,114.0,7404.0,9.0,Maule,Linares,Parral,MAULE,07 Maule
-36.54896,-72.13625,2025-10-02,0440,N,VIIRS,n,"1,74",N,2025-10-02 04:40,America/Santiago,2025-10-02 01:40,"31,82",48,2025-10-02 01:40,126.0,16101.0,10.0,Ñuble,Diguillín,Chillán,NUBLE,16 Ñuble
-36.54713,-72.13976,2025-10-02,0440,N,VIIRS,n,"1,88",N,2025-10-02 04:40,America/Santiago,2025-10-02 01:40,"31,82",48,2025-10-02 01:40,172.0,16305.0,10.0,Ñuble,Punilla,San Nicolás,NUBLE,16 Ñuble
-23.44435,-69.49937,2025-10-02,0455,N20,VIIRS,n,"2,57",N,2025-10-02 04:55,America/Santiago,2025-10-02 01:55,"31,57",48,2025-10-02 02:00,240.0,2103.0,3.0,Antofagasta,Antofagasta,Sierra Gorda,ANTOF,02 Antofagasta
-23.43799,-69.49826,2025-10-02,0455,N20,VIIRS,n,"2,57",N,2025-10-02 04:55,America/Santiago,2025-10-02 01:55,"31,57",48,2025-10-02 02:00,240.0,2103.0,3.0,Antofagasta,Antofagasta,Sierra Gorda,ANTOF,02 Antofagasta
-32.79801,-70.95769,2025-10-02,0457,N20,VIIRS,n,"1,08",N,2025-10-02 04:57,America/Santiago,2025-10-02 01:57,"31,54",48,2025-10-02 02:00,123.0,5702.0,6.0,Valparaíso,San Felipe de Aconcagua,Catemu,VALPO,05 Valparaíso
-32.79913,-70.95332,2025-10-02,0457,N20,VIIRS,n,"1,08",N,2025-10-02 04:57,America/Santiago,2025-10-02 01:57,"31,54",48,2025-10-02 02:00,123.0,5702.0,6.0,Valparaíso,San Felipe de Aconcagua,Catemu,VALPO,05 Valparaíso
-33.29465,-70.72873,2025-10-02,0457,N20,VIIRS,n,"1,51",N,2025-10-02 04:57,America/Santiago,2025-10-02 01:57,"31,54",48,2025-10-02 02:00,9.0,13301.0,7.0,Metropolitana,Chacabuco,Colina,RM,13 Metropolitana
-33.29337,-70.73023,2025-10-02,0457,N20,VIIRS,n,"1,86",N,2025-10-02 04:57,America/Santiago,2025-10-02 01:57,"31,54",48,2025-10-02 02:00,9.0,13301.0,7.0,Metropolitana,Chacabuco,Colina,RM,13 Metropolitana
-33.29359,-70.7328,2025-10-02,0457,N20,VIIRS,n,"1,57",N,2025-10-02 04:57,America/Santiago,2025-10-02 01:57,"31,54",48,2025-10-02 02:00,9.0,13301.0,7.0,Metropolitana,Chacabuco,Colina,RM,13 Metropolitana
-34.10489,-70.45651,2025-10-02,0457,N20,VIIRS,h,"7,04",N,2025-10-02 04:57,America/Santiago,2025-10-02 01:57,"31,54",48,2025-10-02 02:00,82.0,6108.0,8.0,O'Higgins,Cachapoal,Machalí,LGBO,06 O'Higgins
-32.80291,-70.95454,2025-10-02,0457,N20,VIIRS,n,"1,76",N,2025-10-02 04:57,America/Santiago,2025-10-02 01:57,"31,54",48,2025-10-02 02:00,123.0,5702.0,6.0,Valparaíso,San Felipe de Aconcagua,Catemu,VALPO,05 Valparaíso
-36.54499,-72.13185,2025-10-02,0459,N20,VIIRS,n,"1,14",N,2025-10-02 04:59,America/Santiago,2025-10-02 01:59,"31,50",48,2025-10-02 02:00,172.0,16305.0,10.0,Ñuble,Punilla,San Nicolás,NUBLE,16 Ñuble
-22.31654,-68.87926,2025-10-02,0546,N21,VIIRS,n,"3,62",N,2025-10-02 05:46,America/Santiago,2025-10-02 02:46,"30,72",48,2025-10-02 02:50,236.0,2201.0,3.0,Antofagasta,El Loa,Calama,ANTOF,02 Antofagasta
-22.31597,-68.88296,2025-10-02,0546,N21,VIIRS,n,"4,35",N,2025-10-02 05:46,America/Santiago,2025-10-02 02:46,"30,72",48,2025-10-02 02:50,236.0,2201.0,3.0,Antofagasta,El Loa,Calama,ANTOF,02 Antofagasta
-22.3121,-68.88608,2025-10-02,0546,N21,VIIRS,n,"4,35",N,2025-10-02 05:46,America/Santiago,2025-10-02 02:46,"30,72",48,2025-10-02 02:50,236.0,2201.0,3.0,Antofagasta,El Loa,Calama,ANTOF,02 Antofagasta
-23.82516,-70.31412,2025-10-02,0548,N21,VIIRS,n,"0,67",N,2025-10-02 05:48,America/Santiago,2025-10-02 02:48,"30,69",48,2025-10-02 02:50,239.0,2101.0,3.0,Antofagasta,Antofagasta,Antofagasta,ANTOF,02 Antofagasta
-23.82455,-70.3179,2025-10-02,0548,N21,VIIRS,n,"2,19",N,2025-10-02 05:48,America/Santiago,2025-10-02 02:48,"30,69",48,2025-10-02 02:50,239.0,2101.0,3.0,Antofagasta,Antofagasta,Antofagasta,ANTOF,02 Antofagasta
-23.44518,-69.49319,2025-10-02,0548,N21,VIIRS,n,"3,05",N,2025-10-02 05:48,America/Santiago,2025-10-02 02:48,"30,69",48,2025-10-02 02:50,240.0,2103.0,3.0,Antofagasta,Antofagasta,Sierra Gorda,ANTOF,02 Antofagasta
-23.44459,-69.49692,2025-10-02,0548,N21,VIIRS,n,"6,36",N,2025-10-02 05:48,America/Santiago,2025-10-02 02:48,"30,69",48,2025-10-02 02:50,240.0,2103.0,3.0,Antofagasta,Antofagasta,Sierra Gorda,ANTOF,02 Antofagasta
-23.44188,-69.49257,2025-10-02,0548,N21,VIIRS,n,"3,05",N,2025-10-02 05:48,America/Santiago,2025-10-02 02:48,"30,69",48,2025-10-02 02:50,240.0,2103.0,3.0,Antofagasta,Antofagasta,Sierra Gorda,ANTOF,02 Antofagasta
-27.35959,-70.22169,2025-10-02,0548,N21,VIIRS,n,"0,79",N,2025-10-02 05:48,America/Santiago,2025-10-02 02:48,"30,69",48,2025-10-02 02:50,139.0,3101.0,4.0,Atacama,Copiapó,Copiapó,ATCMA,03 Atacama
-35.33228,-71.78471,2025-10-02,0550,N21,VIIRS,n,"0,60",N,2025-10-02 05:50,America/Santiago,2025-10-02 02:50,"30,65",48,2025-10-02 02:50,41.0,7107.0,9.0,Maule,Talca,Pencahue,MAULE,07 Maule
-35.12117,-71.71887,2025-10-02,0550,N21,VIIRS,n,"0,58",N,2025-10-02 05:50,America/Santiago,2025-10-02 02:50,"30,65",48,2025-10-02 02:50,265.0,7103.0,9.0,Maule,Talca,Curepto,MAULE,07 Maule
-35.09976,-71.3368,2025-10-02,0550,N21,VIIRS,n,"0,45",N,2025-10-02 05:50,America/Santiago,2025-10-02 02:50,"30,65",48,2025-10-02 02:50,39.0,7304.0,9.0,Maule,Curicó,Molina,MAULE,07 Maule
-34.7824,-71.5491,2025-10-02,0550,N21,VIIRS,n,"0,48",N,2025-10-02 05:50,America/Santiago,2025-10-02 02:50,"30,65",48,2025-10-02 02:50,33.0,6304.0,8.0,O'Higgins,Colchagua,Lolol,LGBO,06 O'Higgins
-34.61216,-71.39239,2025-10-02,0550,N21,VIIRS,n,"1,09",N,2025-10-02 05:50,America/Santiago,2025-10-02 02:50,"30,65",48,2025-10-02 02:50,196.0,6310.0,8.0,O'Higgins,Colchagua,Santa Cruz,LGBO,06 O'Higgins
-34.10631,-70.454,2025-10-02,0550,N21,VIIRS,n,"9,50",N,2025-10-02 05:50,America/Santiago,2025-10-02 02:50,"30,65",48,2025-10-02 02:50,82.0,6108.0,8.0,O'Higgins,Cachapoal,Machalí,LGBO,06 O'Higgins
-34.1057,-70.45834,2025-10-02,0550,N21,VIIRS,n,"6,51",N,2025-10-02 05:50,America/Santiago,2025-10-02 02:50,"30,65",48,2025-10-02 02:50,82.0,6108.0,8.0,O'Higgins,Cachapoal,Machalí,LGBO,06 O'Higgins
-33.52419,-70.87318,2025-10-02,0550,N21,VIIRS,n,"0,64",N,2025-10-02 05:50,America/Santiago,2025-10-02 02:50,"30,65",48,2025-10-02 02:50,167.0,13119.0,7.0,Metropolitana,Santiago,Maipú,RM,13 Metropolitana
-33.29691,-70.72945,2025-10-02,0550,N21,VIIRS,n,"3,52",N,2025-10-02 05:50,America/Santiago,2025-10-02 02:50,"30,65",48,2025-10-02 02:50,9.0,13301.0,7.0,Metropolitana,Chacabuco,Colina,RM,13 Metropolitana
-32.80238,-70.95116,2025-10-02,0550,N21,VIIRS,n,"1,51",N,2025-10-02 05:50,America/Santiago,2025-10-02 02:50,"30,65",48,2025-10-02 02:50,123.0,5702.0,6.0,Valparaíso,San Felipe de Aconcagua,Catemu,VALPO,05 Valparaíso
-36.77835,-73.12148,2025-10-02,0553,N21,VIIRS,n,"0,60",N,2025-10-02 05:53,America/Santiago,2025-10-02 02:53,"30,60",48,2025-10-02 03:00,70.0,8112.0,11.0,Biobío,Concepción,Hualpén,BBIO,08 Biobío
-37.92939,-72.71957,2025-10-02,0553,N21,VIIRS,n,"0,90",N,2025-10-02 05:53,America/Santiago,2025-10-02 02:53,"30,60",48,2025-10-02 03:00,214.0,9206.0,12.0,La Araucanía,Malleco,Los Sauces,ARAUC,09 La Araucanía
-37.51395,-72.65542,2025-10-02,0553,N21,VIIRS,n,"1,11",N,2025-10-02 05:53,America/Santiago,2025-10-02 02:53,"30,60",48,2025-10-02 03:00,308.0,8306.0,11.0,Biobío,Biobío,Nacimiento,BBIO,08 Biobío
-27.50757,-70.25861,2025-10-02,0616,N,VIIRS,n,"0,58",N,2025-10-02 06:16,America/Santiago,2025-10-02 03:16,"30,22",48,2025-10-02 03:20,246.0,3103.0,4.0,Atacama,Copiapó,Tierra Amarilla,ATCMA,03 Atacama
-27.35682,-70.22182,2025-10-02,0616,N,VIIRS,n,"0,67",N,2025-10-02 06:16,America/Santiago,2025-10-02 03:16,"30,22",48,2025-10-02 03:20,139.0,3101.0,4.0,Atacama,Copiapó,Copiapó,ATCMA,03 Atacama
-23.44469,-69.49525,2025-10-02,0616,N,VIIRS,n,"4,51",N,2025-10-02 06:16,America/Santiago,2025-10-02 03:16,"30,22",48,2025-10-02 03:20,240.0,2103.0,3.0,Antofagasta,Antofagasta,Sierra Gorda,ANTOF,02 Antofagasta
-23.44411,-69.50009,2025-10-02,0616,N,VIIRS,n,"2,68",N,2025-10-02 06:16,America/Santiago,2025-10-02 03:16,"30,22",48,2025-10-02 03:20,240.0,2103.0,3.0,Antofagasta,Antofagasta,Sierra Gorda,ANTOF,02 Antofagasta
-22.31765,-68.88283,2025-10-02,0616,N,VIIRS,n,"7,95",N,2025-10-02 06:16,America/Santiago,2025-10-02 03:16,"30,22",48,2025-10-02 03:20,236.0,2201.0,3.0,Antofagasta,El Loa,Calama,ANTOF,02 Antofagasta
-22.31322,-68.88276,2025-10-02,0616,N,VIIRS,n,"1,49",N,2025-10-02 06:16,America/Santiago,2025-10-02 03:16,"30,22",48,2025-10-02 03:20,236.0,2201.0,3.0,Antofagasta,El Loa,Calama,ANTOF,02 Antofagasta
-23.82472,-70.31799,2025-10-02,0616,N,VIIRS,n,"1,40",N,2025-10-02 06:16,America/Santiago,2025-10-02 03:16,"30,22",48,2025-10-02 03:20,239.0,2101.0,3.0,Antofagasta,Antofagasta,Antofagasta,ANTOF,02 Antofagasta
-34.78204,-71.5485,2025-10-02,0618,N,VIIRS,n,"0,69",N,2025-10-02 06:18,America/Santiago,2025-10-02 03:18,"30,19",48,2025-10-02 03:20,33.0,6304.0,8.0,O'Higgins,Colchagua,Lolol,LGBO,06 O'Higgins
-34.61138,-71.39392,2025-10-02,0618,N,VIIRS,n,"0,50",N,2025-10-02 06:18,America/Santiago,2025-10-02 03:18,"30,19",48,2025-10-02 03:20,196.0,6310.0,8.0,O'Higgins,Colchagua,Santa Cruz,LGBO,06 O'Higgins
-34.10487,-70.45425,2025-10-02,0618,N,VIIRS,n,"4,03",N,2025-10-02 06:18,America/Santiago,2025-10-02 03:18,"30,19",48,2025-10-02 03:20,82.0,6108.0,8.0,O'Higgins,Cachapoal,Machalí,LGBO,06 O'Higgins
-34.10439,-70.45973,2025-10-02,0618,N,VIIRS,n,"4,03",N,2025-10-02 06:18,America/Santiago,2025-10-02 03:18,"30,19",48,2025-10-02 03:20,82.0,6108.0,8.0,O'Higgins,Cachapoal,Machalí,LGBO,06 O'Higgins
-33.29649,-70.73049,2025-10-02,0618,N,VIIRS,n,"1,89",N,2025-10-02 06:18,America/Santiago,2025-10-02 03:18,"30,19",48,2025-10-02 03:20,9.0,13301.0,7.0,Metropolitana,Chacabuco,Colina,RM,13 Metropolitana
-32.8054,-70.95217,2025-10-02,0618,N,VIIRS,n,"1,48",N,2025-10-02 06:18,America/Santiago,2025-10-02 03:18,"30,19",48,2025-10-02 03:20,123.0,5702.0,6.0,Valparaíso,San Felipe de Aconcagua,Catemu,VALPO,05 Valparaíso
-32.80494,-70.95699,2025-10-02,0618,N,VIIRS,n,"1,62",N,2025-10-02 06:18,America/Santiago,2025-10-02 03:18,"30,19",48,2025-10-02 03:20,123.0,5702.0,6.0,Valparaíso,San Felipe de Aconcagua,Catemu,VALPO,05 Valparaíso
-32.801,-70.95142,2025-10-02,0618,N,VIIRS,n,"4,40",N,2025-10-02 06:18,America/Santiago,2025-10-02 03:18,"30,19",48,2025-10-02 03:20,123.0,5702.0,6.0,Valparaíso,San Felipe de Aconcagua,Catemu,VALPO,05 Valparaíso
-32.80053,-70.95634,2025-10-02,0618,N,VIIRS,n,"5,11",N,2025-10-02 06:18,America/Santiago,2025-10-02 03:18,"30,19",48,2025-10-02 03:20,123.0,5702.0,6.0,Valparaíso,San Felipe de Aconcagua,Catemu,VALPO,05 Valparaíso
-37.51477,-72.65565,2025-10-02,0620,N,VIIRS,n,"0,65",N,2025-10-02 06:20,America/Santiago,2025-10-02 03:20,"30,15",48,2025-10-02 03:20,308.0,8306.0,11.0,Biobío,Biobío,Nacimiento,BBIO,08 Biobío
-23.43902,-69.49693,2025-10-02,0635,N20,VIIRS,n,"1,66",N,2025-10-02 06:35,America/Santiago,2025-10-02 03:35,"29,90",48,2025-10-02 03:40,240.0,2103.0,3.0,Antofagasta,Antofagasta,Sierra Gorda,ANTOF,02 Antofagasta
-23.44275,-69.50097,2025-10-02,0635,N20,VIIRS,n,"3,14",N,2025-10-02 06:35,America/Santiago,2025-10-02 03:35,"29,90",48,2025-10-02 03:40,240.0,2103.0,3.0,Antofagasta,Antofagasta,Sierra Gorda,ANTOF,02 Antofagasta
-23.44524,-69.49809,2025-10-02,0635,N20,VIIRS,n,"1,66",N,2025-10-02 06:35,America/Santiago,2025-10-02 03:35,"29,90",48,2025-10-02 03:40,240.0,2103.0,3.0,Antofagasta,Antofagasta,Sierra Gorda,ANTOF,02 Antofagasta
-34.10305,-70.46017,2025-10-02,0640,N20,VIIRS,n,"5,92",N,2025-10-02 06:40,America/Santiago,2025-10-02 03:40,"29,82",48,2025-10-02 03:40,82.0,6108.0,8.0,O'Higgins,Cachapoal,Machalí,LGBO,06 O'Higgins
-37.717,-72.032,2025-10-02,1248,GOES,GOES,59.0,"19,80",D,2025-10-02 12:48,America/Santiago,2025-10-02 09:48,"23,69",24,2025-10-02 09:50,73.0,8308.0,11.0,Biobío,Biobío,Quilaco,BBIO,08 Biobío
-37.726749,-72.023232,2025-10-02,1250,GOES,GOES,10.0,"21,93",D,2025-10-02 12:50,America/Santiago,2025-10-02 09:50,"23,65",24,2025-10-02 09:50,73.0,8308.0,11.0,Biobío,Biobío,Quilaco,BBIO,08 Biobío
-37.717,-72.032,2025-10-02,1258,GOES,GOES,67.0,"27,70",D,2025-10-02 12:58,America/Santiago,2025-10-02 09:58,"23,52",24,2025-10-02 10:00,73.0,8308.0,11.0,Biobío,Biobío,Quilaco,BBIO,08 Biobío
-37.743,-72.031,2025-10-02,1258,GOES,GOES,62.0,"21,00",D,2025-10-02 12:58,America/Santiago,2025-10-02 09:58,"23,52",24,2025-10-02 10:00,181.0,8305.0,11.0,Biobío,Biobío,Mulchén,BBIO,08 Biobío
-37.726749,-72.023232,2025-10-02,1300,GOES,GOES,30.0,"26,38",D,2025-10-02 13:00,America/Santiago,2025-10-02 10:00,"23,49",24,2025-10-02 10:00,73.0,8308.0,11.0,Biobío,Biobío,Quilaco,BBIO,08 Biobío
-37.717,-72.032,2025-10-02,1308,GOES,GOES,71.0,"32,40",D,2025-10-02 13:08,America/Santiago,2025-10-02 10:08,"23,35",24,2025-10-02 10:10,73.0,8308.0,11.0,Biobío,Biobío,Quilaco,BBIO,08 Biobío
-37.743,-72.031,2025-10-02,1308,GOES,GOES,70.0,"30,00",D,2025-10-02 13:08,America/Santiago,2025-10-02 10:08,"23,35",24,2025-10-02 10:10,181.0,8305.0,11.0,Biobío,Biobío,Mulchén,BBIO,08 Biobío
-37.726749,-72.023232,2025-10-02,1310,GOES,GOES,30.0,"37,72",D,2025-10-02 13:10,America/Santiago,2025-10-02 10:10,"23,32",24,2025-10-02 10:10,73.0,8308.0,11.0,Biobío,Biobío,Quilaco,BBIO,08 Biobío
-37.717,-72.032,2025-10-02,1318,GOES,GOES,77.0,"45,50",D,2025-10-02 13:18,America/Santiago,2025-10-02 10:18,"23,19",24,2025-10-02 10:20,73.0,8308.0,11.0,Biobío,Biobío,Quilaco,BBIO,08 Biobío
-37.743,-72.031,2025-10-02,1318,GOES,GOES,65.0,"21,10",D,2025-10-02 13:18,America/Santiago,2025-10-02 10:18,"23,19",24,2025-10-02 10:20,181.0,8305.0,11.0,Biobío,Biobío,Mulchén,BBIO,08 Biobío
-37.726749,-72.023232,2025-10-02,1320,GOES,GOES,30.0,"34,28",D,2025-10-02 13:20,America/Santiago,2025-10-02 10:20,"23,15",24,2025-10-02 10:20,73.0,8308.0,11.0,Biobío,Biobío,Quilaco,BBIO,08 Biobío
-37.717,-72.032,2025-10-02,1328,GOES,GOES,76.0,"41,10",D,2025-10-02 13:28,America/Santiago,2025-10-02 10:28,"23,02",24,2025-10-02 10:30,73.0,8308.0,11.0,Biobío,Biobío,Quilaco,BBIO,08 Biobío
-37.743,-72.031,2025-10-02,1328,GOES,GOES,74.0,"35,50",D,2025-10-02 13:28,America/Santiago,2025-10-02 10:28,"23,02",24,2025-10-02 10:30,181.0,8305.0,11.0,Biobío,Biobío,Mulchén,BBIO,08 Biobío
-37.726749,-72.023232,2025-10-02,1330,GOES,GOES,30.0,"71,11",D,2025-10-02 13:30,America/Santiago,2025-10-02 10:30,"22,99",24,2025-10-02 10:30,73.0,8308.0,11.0,Biobío,Biobío,Quilaco,BBIO,08 Biobío
-37.743,-72.031,2025-10-02,1338,GOES,GOES,72.0,"30,70",D,2025-10-02 13:38,America/Santiago,2025-10-02 10:38,"22,85",24,2025-10-02 10:40,181.0,8305.0,11.0,Biobío,Biobío,Mulchén,BBIO,08 Biobío
-37.717,-72.032,2025-10-02,1338,GOES,GOES,86.0,"85,90",D,2025-10-02 13:38,America/Santiago,2025-10-02 10:38,"22,85",24,2025-10-02 10:40,73.0,8308.0,11.0,Biobío,Biobío,Quilaco,BBIO,08 Biobío
-37.743,-72.031,2025-10-02,1348,GOES,GOES,78.0,"46,20",D,2025-10-02 13:48,America/Santiago,2025-10-02 10:48,"22,69",24,2025-10-02 10:50,181.0,8305.0,11.0,Biobío,Biobío,Mulchén,BBIO,08 Biobío
-37.717,-72.032,2025-10-02,1348,GOES,GOES,86.0,"85,50",D,2025-10-02 13:48,America/Santiago,2025-10-02 10:48,"22,69",24,2025-10-02 10:50,73.0,8308.0,11.0,Biobío,Biobío,Quilaco,BBIO,08 Biobío
-37.716,-72.056,2025-10-02,1358,GOES,GOES,52.0,"20,60",D,2025-10-02 13:58,America/Santiago,2025-10-02 10:58,"22,52",24,2025-10-02 11:00,73.0,8308.0,11.0,Biobío,Biobío,Quilaco,BBIO,08 Biobío
-37.717,-72.032,2025-10-02,1358,GOES,GOES,88.0,"98,60",D,2025-10-02 13:58,America/Santiago,2025-10-02 10:58,"22,52",24,2025-10-02 11:00,73.0,8308.0,11.0,Biobío,Biobío,Quilaco,BBIO,08 Biobío
-37.743,-72.031,2025-10-02,1358,GOES,GOES,72.0,"27,50",D,2025-10-02 13:58,America/Santiago,2025-10-02 10:58,"22,52",24,2025-10-02 11:00,181.0,8305.0,11.0,Biobío,Biobío,Mulchén,BBIO,08 Biobío
-37.716,-72.056,2025-10-02,1408,GOES,GOES,59.0,"29,20",D,2025-10-02 14:08,America/Santiago,2025-10-02 11:08,"22,35",24,2025-10-02 11:10,73.0,8308.0,11.0,Biobío,Biobío,Quilaco,BBIO,08 Biobío
-37.717,-72.032,2025-10-02,1408,GOES,GOES,88.0,"92,50",D,2025-10-02 14:08,America/Santiago,2025-10-02 11:08,"22,35",24,2025-10-02 11:10,73.0,8308.0,11.0,Biobío,Biobío,Quilaco,BBIO,08 Biobío
-37.743,-72.031,2025-10-02,1408,GOES,GOES,76.0,"36,00",D,2025-10-02 14:08,America/Santiago,2025-10-02 11:08,"22,35",24,2025-10-02 11:10,181.0,8305.0,11.0,Biobío,Biobío,Mulchén,BBIO,08 Biobío
-37.717,-72.032,2025-10-02,1418,GOES,GOES,88.0,"94,90",D,2025-10-02 14:18,America/Santiago,2025-10-02 11:18,"22,19",24,2025-10-02 11:20,73.0,8308.0,11.0,Biobío,Biobío,Quilaco,BBIO,08 Biobío
-37.743,-72.031,2025-10-02,1418,GOES,GOES,85.0,"73,30",D,2025-10-02 14:18,America/Santiago,2025-10-02 11:18,"22,19",24,2025-10-02 11:20,181.0,8305.0,11.0,Biobío,Biobío,Mulchén,BBIO,08 Biobío
-37.735241,-72.013168,2025-10-02,1420,GOES,GOES,30.0,"164,52",D,2025-10-02 14:20,America/Santiago,2025-10-02 11:20,"22,15",24,2025-10-02 11:20,181.0,8305.0,11.0,Biobío,Biobío,Mulchén,BBIO,08 Biobío
-37.72419,-72.0293,2025-10-02,1425,Terra,MODIS,81,"151,33",D,2025-10-02 14:25,America/Santiago,2025-10-02 11:25,"22,07",24,2025-10-02 11:30,73.0,8308.0,11.0,Biobío,Biobío,Quilaco,BBIO,08 Biobío
-37.72606,-71.98505,2025-10-02,1425,Terra,MODIS,29,"32,85",D,2025-10-02 14:25,America/Santiago,2025-10-02 11:25,"22,07",24,2025-10-02 11:30,73.0,8308.0,11.0,Biobío,Biobío,Quilaco,BBIO,08 Biobío
-37.72943,-72.03674,2025-10-02,1425,Terra,MODIS,79,"186,78",D,2025-10-02 14:25,America/Santiago,2025-10-02 11:25,"22,07",24,2025-10-02 11:30,181.0,8305.0,11.0,Biobío,Biobío,Mulchén,BBIO,08 Biobío
-37.73104,-71.99284,2025-10-02,1425,Terra,MODIS,58,"100,33",D,2025-10-02 14:25,America/Santiago,2025-10-02 11:25,"22,07",24,2025-10-02 11:30,73.0,8308.0,11.0,Biobío,Biobío,Quilaco,BBIO,08 Biobío
-37.74085,-72.0302,2025-10-02,1425,Terra,MODIS,51,"62,57",D,2025-10-02 14:25,America/Santiago,2025-10-02 11:25,"22,07",24,2025-10-02 11:30,181.0,8305.0,11.0,Biobío,Biobío,Mulchén,BBIO,08 Biobío
-37.716,-72.056,2025-10-02,1428,GOES,GOES,59.0,"28,60",D,2025-10-02 14:28,America/Santiago,2025-10-02 11:28,"22,02",24,2025-10-02 11:30,73.0,8308.0,11.0,Biobío,Biobío,Quilaco,BBIO,08 Biobío
-37.717,-72.032,2025-10-02,1428,GOES,GOES,92.0,"132,30",D,2025-10-02 14:28,America/Santiago,2025-10-02 11:28,"22,02",24,2025-10-02 11:30,73.0,8308.0,11.0,Biobío,Biobío,Quilaco,BBIO,08 Biobío
-37.743,-72.031,2025-10-02,1428,GOES,GOES,87.0,"83,20",D,2025-10-02 14:28,America/Santiago,2025-10-02 11:28,"22,02",24,2025-10-02 11:30,181.0,8305.0,11.0,Biobío,Biobío,Mulchén,BBIO,08 Biobío
-37.735241,-72.013168,2025-10-02,1430,GOES,GOES,30.0,"201,65",D,2025-10-02 14:30,America/Santiago,2025-10-02 11:30,"21,99",24,2025-10-02 11:30,181.0,8305.0,11.0,Biobío,Biobío,Mulchén,BBIO,08 Biobío
-37.717,-72.032,2025-10-02,1438,GOES,GOES,92.0,"131,40",D,2025-10-02 14:38,America/Santiago,2025-10-02 11:38,"21,85",24,2025-10-02 11:40,73.0,8308.0,11.0,Biobío,Biobío,Quilaco,BBIO,08 Biobío
-37.716,-72.056,2025-10-02,1438,GOES,GOES,64.0,"35,20",D,2025-10-02 14:38,America/Santiago,2025-10-02 11:38,"21,85",24,2025-10-02 11:40,73.0,8308.0,11.0,Biobío,Biobío,Quilaco,BBIO,08 Biobío
-37.743,-72.031,2025-10-02,1438,GOES,GOES,76.0,"33,10",D,2025-10-02 14:38,America/Santiago,2025-10-02 11:38,"21,85",24,2025-10-02 11:40,181.0,8305.0,11.0,Biobío,Biobío,Mulchén,BBIO,08 Biobío
-37.743,-72.031,2025-10-02,1448,GOES,GOES,84.0,"63,10",D,2025-10-02 14:48,America/Santiago,2025-10-02 11:48,"21,69",24,2025-10-02 11:50,181.0,8305.0,11.0,Biobío,Biobío,Mulchén,BBIO,08 Biobío
-37.717,-72.032,2025-10-02,1448,GOES,GOES,87.0,"80,60",D,2025-10-02 14:48,America/Santiago,2025-10-02 11:48,"21,69",24,2025-10-02 11:50,73.0,8308.0,11.0,Biobío,Biobío,Quilaco,BBIO,08 Biobío
-37.717,-72.032,2025-10-02,1458,GOES,GOES,88.0,"88,70",D,2025-10-02 14:58,America/Santiago,2025-10-02 11:58,"21,52",24,2025-10-02 12:00,73.0,8308.0,11.0,Biobío,Biobío,Quilaco,BBIO,08 Biobío
-37.717,-72.032,2025-10-02,1508,GOES,GOES,84.0,"61,80",D,2025-10-02 15:08,America/Santiago,2025-10-02 12:08,"21,35",24,2025-10-02 12:10,73.0,8308.0,11.0,Biobío,Biobío,Quilaco,BBIO,08 Biobío
-35.829,-71.607,2025-10-02,1508,GOES,GOES,64.0,"20,80",D,2025-10-02 15:08,America/Santiago,2025-10-02 12:08,"21,35",24,2025-10-02 12:10,117.0,7401.0,9.0,Maule,Linares,Linares,MAULE,07 Maule
-37.726749,-72.023232,2025-10-02,1510,GOES,GOES,30.0,"28,57",D,2025-10-02 15:10,America/Santiago,2025-10-02 12:10,"21,32",24,2025-10-02 12:10,73.0,8308.0,11.0,Biobío,Biobío,Quilaco,BBIO,08 Biobío
-37.743,-72.031,2025-10-02,1518,GOES,GOES,68.0,"32,00",D,2025-10-02 15:18,America/Santiago,2025-10-02 12:18,"21,19",24,2025-10-02 12:20,181.0,8305.0,11.0,Biobío,Biobío,Mulchén,BBIO,08 Biobío
-37.717,-72.032,2025-10-02,1518,GOES,GOES,72.0,"35,80",D,2025-10-02 15:18,America/Santiago,2025-10-02 12:18,"21,19",24,2025-10-02 12:20,73.0,8308.0,11.0,Biobío,Biobío,Quilaco,BBIO,08 Biobío
-35.838699,-71.59848,2025-10-02,1520,GOES,GOES,10.0,"19,96",D,2025-10-02 15:20,America/Santiago,2025-10-02 12:20,"21,15",24,2025-10-02 12:20,117.0,7401.0,9.0,Maule,Linares,Linares,MAULE,07 Maule
-37.726749,-72.023232,2025-10-02,1520,GOES,GOES,30.0,"34,55",D,2025-10-02 15:20,America/Santiago,2025-10-02 12:20,"21,15",24,2025-10-02 12:20,73.0,8308.0,11.0,Biobío,Biobío,Quilaco,BBIO,08 Biobío
-37.717,-72.032,2025-10-02,1528,GOES,GOES,82.0,"43,80",D,2025-10-02 15:28,America/Santiago,2025-10-02 12:28,"21,02",24,2025-10-02 12:30,73.0,8308.0,11.0,Biobío,Biobío,Quilaco,BBIO,08 Biobío
-37.455,-72.351,2025-10-02,1528,GOES,GOES,62.0,"20,90",D,2025-10-02 15:28,America/Santiago,2025-10-02 12:28,"21,02",24,2025-10-02 12:30,180.0,8301.0,11.0,Biobío,Biobío,Los Angeles,BBIO,08 Biobío
-35.838699,-71.59848,2025-10-02,1530,GOES,GOES,30.0,"19,46",D,2025-10-02 15:30,America/Santiago,2025-10-02 12:30,"20,99",24,2025-10-02 12:30,117.0,7401.0,9.0,Maule,Linares,Linares,MAULE,07 Maule
-37.717,-72.032,2025-10-02,1538,GOES,GOES,82.0,"46,40",D,2025-10-02 15:38,America/Santiago,2025-10-02 12:38,"20,85",24,2025-10-02 12:40,73.0,8308.0,11.0,Biobío,Biobío,Quilaco,BBIO,08 Biobío
-37.455,-72.351,2025-10-02,1538,GOES,GOES,64.0,"22,70",D,2025-10-02 15:38,America/Santiago,2025-10-02 12:38,"20,85",24,2025-10-02 12:40,180.0,8301.0,11.0,Biobío,Biobío,Los Angeles,BBIO,08 Biobío
-37.717,-72.032,2025-10-02,1548,GOES,GOES,72.0,"29,50",D,2025-10-02 15:48,America/Santiago,2025-10-02 12:48,"20,69",24,2025-10-02 12:50,73.0,8308.0,11.0,Biobío,Biobío,Quilaco,BBIO,08 Biobío
-20.447588,-69.529793,2025-10-02,1550,GOES,GOES,10.0,"41,58",D,2025-10-02 15:50,America/Santiago,2025-10-02 12:50,"20,65",24,2025-10-02 12:50,242.0,1401.0,2.0,Tarapacá,Tamarugal,Pozo Almonte,TPCA,01 Tarapacá
-37.717,-72.032,2025-10-02,1558,GOES,GOES,77.0,"29,10",D,2025-10-02 15:58,America/Santiago,2025-10-02 12:58,"20,52",24,2025-10-02 13:00,73.0,8308.0,11.0,Biobío,Biobío,Quilaco,BBIO,08 Biobío
-37.726749,-72.023232,2025-10-02,1600,GOES,GOES,30.0,"26,61",D,2025-10-02 16:00,America/Santiago,2025-10-02 13:00,"20,49",24,2025-10-02 13:00,73.0,8308.0,11.0,Biobío,Biobío,Quilaco,BBIO,08 Biobío
-37.717,-72.032,2025-10-02,1608,GOES,GOES,78.0,"34,70",D,2025-10-02 16:08,America/Santiago,2025-10-02 13:08,"20,35",24,2025-10-02 13:10,73.0,8308.0,11.0,Biobío,Biobío,Quilaco,BBIO,08 Biobío
-35.838699,-71.59848,2025-10-02,1610,GOES,GOES,30.0,"18,30",D,2025-10-02 16:10,America/Santiago,2025-10-02 13:10,"20,32",24,2025-10-02 13:10,117.0,7401.0,9.0,Maule,Linares,Linares,MAULE,07 Maule
-37.717,-72.032,2025-10-02,1618,GOES,GOES,70.0,"33,70",D,2025-10-02 16:18,America/Santiago,2025-10-02 13:18,"20,19",24,2025-10-02 13:20,73.0,8308.0,11.0,Biobío,Biobío,Quilaco,BBIO,08 Biobío
-37.716,-72.056,2025-10-02,1618,GOES,GOES,77.0,"37,60",D,2025-10-02 16:18,America/Santiago,2025-10-02 13:18,"20,19",24,2025-10-02 13:20,73.0,8308.0,11.0,Biobío,Biobío,Quilaco,BBIO,08 Biobío
-37.726749,-72.023232,2025-10-02,1620,GOES,GOES,30.0,"27,11",D,2025-10-02 16:20,America/Santiago,2025-10-02 13:20,"20,15",24,2025-10-02 13:20,73.0,8308.0,11.0,Biobío,Biobío,Quilaco,BBIO,08 Biobío
-37.726597,-72.047005,2025-10-02,1620,GOES,GOES,30.0,"24,60",D,2025-10-02 16:20,America/Santiago,2025-10-02 13:20,"20,15",24,2025-10-02 13:20,181.0,8305.0,11.0,Biobío,Biobío,Mulchén,BBIO,08 Biobío
-37.717,-72.032,2025-10-02,1628,GOES,GOES,75.0,"34,30",D,2025-10-02 16:28,America/Santiago,2025-10-02 13:28,"20,02",24,2025-10-02 13:30,73.0,8308.0,11.0,Biobío,Biobío,Quilaco,BBIO,08 Biobío
-37.716,-72.056,2025-10-02,1628,GOES,GOES,75.0,"30,50",D,2025-10-02 16:28,America/Santiago,2025-10-02 13:28,"20,02",24,2025-10-02 13:30,73.0,8308.0,11.0,Biobío,Biobío,Quilaco,BBIO,08 Biobío
-36.989,-72.886,2025-10-02,1628,GOES,GOES,81.0,"36,10",D,2025-10-02 16:28,America/Santiago,2025-10-02 13:28,"20,02",24,2025-10-02 13:30,291.0,8105.0,11.0,Biobío,Concepción,Hualqui,BBIO,08 Biobío
-37.726597,-72.047005,2025-10-02,1630,GOES,GOES,30.0,"60,86",D,2025-10-02 16:30,America/Santiago,2025-10-02 13:30,"19,99",24,2025-10-02 13:30,181.0,8305.0,11.0,Biobío,Biobío,Mulchén,BBIO,08 Biobío
-35.838699,-71.59848,2025-10-02,1630,GOES,GOES,30.0,"18,79",D,2025-10-02 16:30,America/Santiago,2025-10-02 13:30,"19,99",24,2025-10-02 13:30,117.0,7401.0,9.0,Maule,Linares,Linares,MAULE,07 Maule
-36.989,-72.886,2025-10-02,1638,GOES,GOES,77.0,"31,60",D,2025-10-02 16:38,America/Santiago,2025-10-02 13:38,"19,85",24,2025-10-02 13:40,291.0,8105.0,11.0,Biobío,Concepción,Hualqui,BBIO,08 Biobío
-37.014,-72.886,2025-10-02,1638,GOES,GOES,71.0,"23,50",D,2025-10-02 16:38,America/Santiago,2025-10-02 13:38,"19,85",24,2025-10-02 13:40,291.0,8105.0,11.0,Biobío,Concepción,Hualqui,BBIO,08 Biobío
-37.716,-72.056,2025-10-02,1638,GOES,GOES,89.0,"76,00",D,2025-10-02 16:38,America/Santiago,2025-10-02 13:38,"19,85",24,2025-10-02 13:40,73.0,8308.0,11.0,Biobío,Biobío,Quilaco,BBIO,08 Biobío
-37.742,-72.055,2025-10-02,1638,GOES,GOES,69.0,"28,30",D,2025-10-02 16:38,America/Santiago,2025-10-02 13:38,"19,85",24,2025-10-02 13:40,181.0,8305.0,11.0,Biobío,Biobío,Mulchén,BBIO,08 Biobío
-37.717,-72.032,2025-10-02,1638,GOES,GOES,70.0,"41,90",D,2025-10-02 16:38,America/Santiago,2025-10-02 13:38,"19,85",24,2025-10-02 13:40,73.0,8308.0,11.0,Biobío,Biobío,Quilaco,BBIO,08 Biobío
-35.838699,-71.59848,2025-10-02,1640,GOES,GOES,30.0,"19,55",D,2025-10-02 16:40,America/Santiago,2025-10-02 13:40,"19,82",24,2025-10-02 13:40,117.0,7401.0,9.0,Maule,Linares,Linares,MAULE,07 Maule
-37.716,-72.056,2025-10-02,1648,GOES,GOES,91.0,"93,50",D,2025-10-02 16:48,America/Santiago,2025-10-02 13:48,"19,69",24,2025-10-02 13:50,73.0,8308.0,11.0,Biobío,Biobío,Quilaco,BBIO,08 Biobío
-37.717,-72.032,2025-10-02,1648,GOES,GOES,77.0,"40,80",D,2025-10-02 16:48,America/Santiago,2025-10-02 13:48,"19,69",24,2025-10-02 13:50,73.0,8308.0,11.0,Biobío,Biobío,Quilaco,BBIO,08 Biobío
-36.989,-72.886,2025-10-02,1648,GOES,GOES,82.0,"35,80",D,2025-10-02 16:48,America/Santiago,2025-10-02 13:48,"19,69",24,2025-10-02 13:50,291.0,8105.0,11.0,Biobío,Concepción,Hualqui,BBIO,08 Biobío
-37.726597,-72.047005,2025-10-02,1650,GOES,GOES,30.0,"57,90",D,2025-10-02 16:50,America/Santiago,2025-10-02 13:50,"19,65",24,2025-10-02 13:50,181.0,8305.0,11.0,Biobío,Biobío,Mulchén,BBIO,08 Biobío
-35.838699,-71.59848,2025-10-02,1650,GOES,GOES,30.0,"20,49",D,2025-10-02 16:50,America/Santiago,2025-10-02 13:50,"19,65",24,2025-10-02 13:50,117.0,7401.0,9.0,Maule,Linares,Linares,MAULE,07 Maule
-37.716,-72.056,2025-10-02,1658,GOES,GOES,88.0,"72,80",D,2025-10-02 16:58,America/Santiago,2025-10-02 13:58,"19,52",24,2025-10-02 14:00,73.0,8308.0,11.0,Biobío,Biobío,Quilaco,BBIO,08 Biobío
-37.717,-72.032,2025-10-02,1658,GOES,GOES,66.0,"33,50",D,2025-10-02 16:58,America/Santiago,2025-10-02 13:58,"19,52",24,2025-10-02 14:00,73.0,8308.0,11.0,Biobío,Biobío,Quilaco,BBIO,08 Biobío
-37.455,-72.375,2025-10-02,1658,GOES,GOES,68.0,"25,90",D,2025-10-02 16:58,America/Santiago,2025-10-02 13:58,"19,52",24,2025-10-02 14:00,180.0,8301.0,11.0,Biobío,Biobío,Los Angeles,BBIO,08 Biobío
-36.989,-72.886,2025-10-02,1658,GOES,GOES,74.0,"27,70",D,2025-10-02 16:58,America/Santiago,2025-10-02 13:58,"19,52",24,2025-10-02 14:00,291.0,8105.0,11.0,Biobío,Concepción,Hualqui,BBIO,08 Biobío
-35.838699,-71.59848,2025-10-02,1700,GOES,GOES,30.0,"19,92",D,2025-10-02 17:00,America/Santiago,2025-10-02 14:00,"19,49",24,2025-10-02 14:00,117.0,7401.0,9.0,Maule,Linares,Linares,MAULE,07 Maule
-36.989,-72.886,2025-10-02,1708,GOES,GOES,72.0,"25,00",D,2025-10-02 17:08,America/Santiago,2025-10-02 14:08,"19,35",24,2025-10-02 14:10,291.0,8105.0,11.0,Biobío,Concepción,Hualqui,BBIO,08 Biobío
-37.716,-72.056,2025-10-02,1708,GOES,GOES,85.0,"46,40",D,2025-10-02 17:08,America/Santiago,2025-10-02 14:08,"19,35",24,2025-10-02 14:10,73.0,8308.0,11.0,Biobío,Biobío,Quilaco,BBIO,08 Biobío
-37.717,-72.032,2025-10-02,1708,GOES,GOES,66.0,"26,80",D,2025-10-02 17:08,America/Santiago,2025-10-02 14:08,"19,35",24,2025-10-02 14:10,73.0,8308.0,11.0,Biobío,Biobío,Quilaco,BBIO,08 Biobío
-35.838699,-71.59848,2025-10-02,1710,GOES,GOES,30.0,"20,40",D,2025-10-02 17:10,America/Santiago,2025-10-02 14:10,"19,32",24,2025-10-02 14:10,117.0,7401.0,9.0,Maule,Linares,Linares,MAULE,07 Maule
-37.726597,-72.047005,2025-10-02,1710,GOES,GOES,30.0,"138,14",D,2025-10-02 17:10,America/Santiago,2025-10-02 14:10,"19,32",24,2025-10-02 14:10,181.0,8305.0,11.0,Biobío,Biobío,Mulchén,BBIO,08 Biobío
-37.716,-72.056,2025-10-02,1718,GOES,GOES,96.0,"173,90",D,2025-10-02 17:18,America/Santiago,2025-10-02 14:18,"19,19",24,2025-10-02 14:20,73.0,8308.0,11.0,Biobío,Biobío,Quilaco,BBIO,08 Biobío
-35.838699,-71.59848,2025-10-02,1720,GOES,GOES,30.0,"18,96",D,2025-10-02 17:20,America/Santiago,2025-10-02 14:20,"19,15",24,2025-10-02 14:20,117.0,7401.0,9.0,Maule,Linares,Linares,MAULE,07 Maule
-22.31709,-68.87592,2025-10-02,1724,N20,VIIRS,n,"8,95",D,2025-10-02 17:24,America/Santiago,2025-10-02 14:24,"19,09",24,2025-10-02 14:30,236.0,2201.0,3.0,Antofagasta,El Loa,Calama,ANTOF,02 Antofagasta
-22.31762,-68.88236,2025-10-02,1724,N20,VIIRS,n,"11,30",D,2025-10-02 17:24,America/Santiago,2025-10-02 14:24,"19,09",24,2025-10-02 14:30,236.0,2201.0,3.0,Antofagasta,El Loa,Calama,ANTOF,02 Antofagasta
-22.31864,-68.87778,2025-10-02,1724,N20,VIIRS,h,"10,09",D,2025-10-02 17:24,America/Santiago,2025-10-02 14:24,"19,09",24,2025-10-02 14:30,236.0,2201.0,3.0,Antofagasta,El Loa,Calama,ANTOF,02 Antofagasta
-37.716,-72.056,2025-10-02,1728,GOES,GOES,90.0,"115,10",D,2025-10-02 17:28,America/Santiago,2025-10-02 14:28,"19,02",24,2025-10-02 14:30,73.0,8308.0,11.0,Biobío,Biobío,Quilaco,BBIO,08 Biobío
-37.716,-72.08,2025-10-02,1728,GOES,GOES,53.0,"31,40",D,2025-10-02 17:28,America/Santiago,2025-10-02 14:28,"19,02",24,2025-10-02 14:30,181.0,8305.0,11.0,Biobío,Biobío,Mulchén,BBIO,08 Biobío
-37.726597,-72.047005,2025-10-02,1730,GOES,GOES,30.0,"49,71",D,2025-10-02 17:30,America/Santiago,2025-10-02 14:30,"18,99",24,2025-10-02 14:30,181.0,8305.0,11.0,Biobío,Biobío,Mulchén,BBIO,08 Biobío
-35.838699,-71.59848,2025-10-02,1730,GOES,GOES,30.0,"17,61",D,2025-10-02 17:30,America/Santiago,2025-10-02 14:30,"18,99",24,2025-10-02 14:30,117.0,7401.0,9.0,Maule,Linares,Linares,MAULE,07 Maule
-37.717,-72.032,2025-10-02,1738,GOES,GOES,54.0,"28,60",D,2025-10-02 17:38,America/Santiago,2025-10-02 14:38,"18,85",24,2025-10-02 14:40,73.0,8308.0,11.0,Biobío,Biobío,Quilaco,BBIO,08 Biobío
-37.716,-72.056,2025-10-02,1738,GOES,GOES,87.0,"61,20",D,2025-10-02 17:38,America/Santiago,2025-10-02 14:38,"18,85",24,2025-10-02 14:40,73.0,8308.0,11.0,Biobío,Biobío,Quilaco,BBIO,08 Biobío
-35.838699,-71.59848,2025-10-02,1740,GOES,GOES,30.0,"17,83",D,2025-10-02 17:40,America/Santiago,2025-10-02 14:40,"18,82",24,2025-10-02 14:40,117.0,7401.0,9.0,Maule,Linares,Linares,MAULE,07 Maule
-37.726597,-72.047005,2025-10-02,1740,GOES,GOES,30.0,"38,59",D,2025-10-02 17:40,America/Santiago,2025-10-02 14:40,"18,82",24,2025-10-02 14:40,181.0,8305.0,11.0,Biobío,Biobío,Mulchén,BBIO,08 Biobío
-37.716,-72.056,2025-10-02,1748,GOES,GOES,70.0,"47,90",D,2025-10-02 17:48,America/Santiago,2025-10-02 14:48,"18,69",24,2025-10-02 14:50,73.0,8308.0,11.0,Biobío,Biobío,Quilaco,BBIO,08 Biobío
-35.838699,-71.59848,2025-10-02,1750,GOES,GOES,30.0,"17,10",D,2025-10-02 17:50,America/Santiago,2025-10-02 14:50,"18,65",24,2025-10-02 14:50,117.0,7401.0,9.0,Maule,Linares,Linares,MAULE,07 Maule
-37.716,-72.056,2025-10-02,1758,GOES,GOES,75.0,"44,60",D,2025-10-02 17:58,America/Santiago,2025-10-02 14:58,"18,52",24,2025-10-02 15:00,73.0,8308.0,11.0,Biobío,Biobío,Quilaco,BBIO,08 Biobío
-35.838699,-71.59848,2025-10-02,1800,GOES,GOES,30.0,"18,40",D,2025-10-02 18:00,America/Santiago,2025-10-02 15:00,"18,49",24,2025-10-02 15:00,117.0,7401.0,9.0,Maule,Linares,Linares,MAULE,07 Maule
-37.726597,-72.047005,2025-10-02,1800,GOES,GOES,30.0,"31,13",D,2025-10-02 18:00,America/Santiago,2025-10-02 15:00,"18,49",24,2025-10-02 15:00,181.0,8305.0,11.0,Biobío,Biobío,Mulchén,BBIO,08 Biobío
-37.716,-72.056,2025-10-02,1808,GOES,GOES,72.0,"42,90",D,2025-10-02 18:08,America/Santiago,2025-10-02 15:08,"18,35",24,2025-10-02 15:10,73.0,8308.0,11.0,Biobío,Biobío,Quilaco,BBIO,08 Biobío
-35.838699,-71.59848,2025-10-02,1810,GOES,GOES,30.0,"16,75",D,2025-10-02 18:10,America/Santiago,2025-10-02 15:10,"18,32",24,2025-10-02 15:10,117.0,7401.0,9.0,Maule,Linares,Linares,MAULE,07 Maule
-37.726597,-72.047005,2025-10-02,1810,GOES,GOES,30.0,"26,61",D,2025-10-02 18:10,America/Santiago,2025-10-02 15:10,"18,32",24,2025-10-02 15:10,181.0,8305.0,11.0,Biobío,Biobío,Mulchén,BBIO,08 Biobío
-33.2946,-70.72789,2025-10-02,1811,N21,VIIRS,n,"4,64",D,2025-10-02 18:11,America/Santiago,2025-10-02 15:11,"18,30",24,2025-10-02 15:20,9.0,13301.0,7.0,Metropolitana,Chacabuco,Colina,RM,13 Metropolitana
-35.25653,-71.31603,2025-10-02,1811,N21,VIIRS,n,"2,44",D,2025-10-02 18:11,America/Santiago,2025-10-02 15:11,"18,30",24,2025-10-02 15:20,47.0,7108.0,9.0,Maule,Talca,Río Claro,MAULE,07 Maule
-35.77759,-71.77355,2025-10-02,1811,N21,VIIRS,n,"4,70",D,2025-10-02 18:11,America/Santiago,2025-10-02 15:11,"18,30",24,2025-10-02 15:20,117.0,7401.0,9.0,Maule,Linares,Linares,MAULE,07 Maule
-35.77804,-71.77805,2025-10-02,1811,N21,VIIRS,n,"4,70",D,2025-10-02 18:11,America/Santiago,2025-10-02 15:11,"18,30",24,2025-10-02 15:20,117.0,7401.0,9.0,Maule,Linares,Linares,MAULE,07 Maule
-35.86426,-72.01003,2025-10-02,1811,N21,VIIRS,l,"2,48",D,2025-10-02 18:11,America/Santiago,2025-10-02 15:11,"18,30",24,2025-10-02 15:20,121.0,7405.0,9.0,Maule,Linares,Retiro,MAULE,07 Maule
-35.91881,-71.53669,2025-10-02,1811,N21,VIIRS,n,"3,08",D,2025-10-02 18:11,America/Santiago,2025-10-02 15:11,"18,30",24,2025-10-02 15:20,116.0,7403.0,9.0,Maule,Linares,Longaví,MAULE,07 Maule
-33.55807,-70.71326,2025-10-02,1811,N21,VIIRS,n,"2,75",D,2025-10-02 18:11,America/Santiago,2025-10-02 15:11,"18,30",24,2025-10-02 15:20,269.0,13401.0,7.0,Metropolitana,Maipo,San Bernardo,RM,13 Metropolitana
-36.9749,-72.09319,2025-10-02,1813,N21,VIIRS,l,"2,52",D,2025-10-02 18:13,America/Santiago,2025-10-02 15:13,"18,27",24,2025-10-02 15:20,310.0,16105.0,10.0,Ñuble,Diguillín,Pemuco,NUBLE,16 Ñuble
-37.72548,-72.04114,2025-10-02,1813,N21,VIIRS,n,"20,46",D,2025-10-02 18:13,America/Santiago,2025-10-02 15:13,"18,27",24,2025-10-02 15:20,181.0,8305.0,11.0,Biobío,Biobío,Mulchén,BBIO,08 Biobío
-37.71085,-72.33083,2025-10-02,1813,N21,VIIRS,n,"10,68",D,2025-10-02 18:13,America/Santiago,2025-10-02 15:13,"18,27",24,2025-10-02 15:20,181.0,8305.0,11.0,Biobío,Biobío,Mulchén,BBIO,08 Biobío
-37.70651,-72.33146,2025-10-02,1813,N21,VIIRS,n,"13,38",D,2025-10-02 18:13,America/Santiago,2025-10-02 15:13,"18,27",24,2025-10-02 15:20,181.0,8305.0,11.0,Biobío,Biobío,Mulchén,BBIO,08 Biobío
-37.6569,-72.76462,2025-10-02,1813,N21,VIIRS,n,"9,21",D,2025-10-02 18:13,America/Santiago,2025-10-02 15:13,"18,27",24,2025-10-02 15:20,212.0,9201.0,12.0,La Araucanía,Malleco,Angol,ARAUC,09 La Araucanía
-37.65547,-72.76347,2025-10-02,1813,N21,VIIRS,n,"8,32",D,2025-10-02 18:13,America/Santiago,2025-10-02 15:13,"18,27",24,2025-10-02 15:20,212.0,9201.0,12.0,La Araucanía,Malleco,Angol,ARAUC,09 La Araucanía
-37.27392,-72.45757,2025-10-02,1813,N21,VIIRS,n,"6,79",D,2025-10-02 18:13,America/Santiago,2025-10-02 15:13,"18,27",24,2025-10-02 15:20,180.0,8301.0,11.0,Biobío,Biobío,Los Angeles,BBIO,08 Biobío
-37.006,-72.88388,2025-10-02,1813,N21,VIIRS,n,"10,90",D,2025-10-02 18:13,America/Santiago,2025-10-02 15:13,"18,27",24,2025-10-02 15:20,291.0,8105.0,11.0,Biobío,Concepción,Hualqui,BBIO,08 Biobío
-37.00553,-72.87858,2025-10-02,1813,N21,VIIRS,n,"13,15",D,2025-10-02 18:13,America/Santiago,2025-10-02 15:13,"18,27",24,2025-10-02 15:20,291.0,8105.0,11.0,Biobío,Concepción,Hualqui,BBIO,08 Biobío
-36.77707,-71.23335,2025-10-02,1813,N21,VIIRS,n,"9,79",D,2025-10-02 18:13,America/Santiago,2025-10-02 15:13,"18,27",24,2025-10-02 15:20,268.0,16304.0,10.0,Ñuble,Punilla,San Fabián,NUBLE,16 Ñuble
-37.72593,-72.04616,2025-10-02,1813,N21,VIIRS,n,"20,46",D,2025-10-02 18:13,America/Santiago,2025-10-02 15:13,"18,27",24,2025-10-02 15:20,181.0,8305.0,11.0,Biobío,Biobío,Mulchén,BBIO,08 Biobío
-36.77312,-71.23492,2025-10-02,1813,N21,VIIRS,l,"9,79",D,2025-10-02 18:13,America/Santiago,2025-10-02 15:13,"18,27",24,2025-10-02 15:20,268.0,16304.0,10.0,Ñuble,Punilla,San Fabián,NUBLE,16 Ñuble
-36.71209,-71.97795,2025-10-02,1813,N21,VIIRS,n,"7,03",D,2025-10-02 18:13,America/Santiago,2025-10-02 15:13,"18,27",24,2025-10-02 15:20,128.0,16106.0,10.0,Ñuble,Diguillín,Pinto,NUBLE,16 Ñuble
-37.73264,-72.02477,2025-10-02,1813,N21,VIIRS,n,"13,82",D,2025-10-02 18:13,America/Santiago,2025-10-02 15:13,"18,27",24,2025-10-02 15:20,181.0,8305.0,11.0,Biobío,Biobío,Mulchén,BBIO,08 Biobío
-37.716,-72.056,2025-10-02,1818,GOES,GOES,76.0,"33,90",D,2025-10-02 18:18,America/Santiago,2025-10-02 15:18,"18,19",24,2025-10-02 15:20,73.0,8308.0,11.0,Biobío,Biobío,Quilaco,BBIO,08 Biobío
-37.726597,-72.047005,2025-10-02,1820,GOES,GOES,30.0,"22,14",D,2025-10-02 18:20,America/Santiago,2025-10-02 15:20,"18,15",24,2025-10-02 15:20,181.0,8305.0,11.0,Biobío,Biobío,Mulchén,BBIO,08 Biobío
-35.838699,-71.59848,2025-10-02,1830,GOES,GOES,30.0,"15,83",D,2025-10-02 18:30,America/Santiago,2025-10-02 15:30,"17,99",24,2025-10-02 15:30,117.0,7401.0,9.0,Maule,Linares,Linares,MAULE,07 Maule
-52.94398,-70.80506,2025-10-02,1836,N,VIIRS,n,"5,10",D,2025-10-02 18:36,America/Santiago,2025-10-02 15:36,"17,89",24,2025-10-02 15:40,97.0,12101.0,16.0,Magallanes,Magallanes,Punta Arenas,MAG,12 Magallanes
-36.609,-72.128,2025-10-02,1838,GOES,GOES,59.0,"26,10",D,2025-10-02 18:38,America/Santiago,2025-10-02 15:38,"17,85",24,2025-10-02 15:40,126.0,16101.0,10.0,Ñuble,Diguillín,Chillán,NUBLE,16 Ñuble
-36.609,-72.082,2025-10-02,1838,GOES,GOES,55.0,"25,10",D,2025-10-02 18:38,America/Santiago,2025-10-02 15:38,"17,85",24,2025-10-02 15:40,126.0,16101.0,10.0,Ñuble,Diguillín,Chillán,NUBLE,16 Ñuble
-37.27267,-72.46008,2025-10-02,1841,N,VIIRS,n,"2,72",D,2025-10-02 18:41,America/Santiago,2025-10-02 15:41,"17,80",24,2025-10-02 15:50,180.0,8301.0,11.0,Biobío,Biobío,Los Angeles,BBIO,08 Biobío
-37.27604,-72.45934,2025-10-02,1841,N,VIIRS,n,"2,72",D,2025-10-02 18:41,America/Santiago,2025-10-02 15:41,"17,80",24,2025-10-02 15:50,180.0,8301.0,11.0,Biobío,Biobío,Los Angeles,BBIO,08 Biobío
-35.77703,-71.77712,2025-10-02,1841,N,VIIRS,n,"2,68",D,2025-10-02 18:41,America/Santiago,2025-10-02 15:41,"17,80",24,2025-10-02 15:50,117.0,7401.0,9.0,Maule,Linares,Linares,MAULE,07 Maule
-37.37059,-72.09798,2025-10-02,1841,N,VIIRS,n,"1,54",D,2025-10-02 18:41,America/Santiago,2025-10-02 15:41,"17,80",24,2025-10-02 15:50,180.0,8301.0,11.0,Biobío,Biobío,Los Angeles,BBIO,08 Biobío
-35.93772,-72.24277,2025-10-02,1841,N,VIIRS,n,"5,20",D,2025-10-02 18:41,America/Santiago,2025-10-02 15:41,"17,80",24,2025-10-02 15:50,127.0,7201.0,9.0,Maule,Cauquenes,Cauquenes,MAULE,07 Maule
-35.67907,-71.58769,2025-10-02,1841,N,VIIRS,n,"3,93",D,2025-10-02 18:41,America/Santiago,2025-10-02 15:41,"17,80",24,2025-10-02 15:50,48.0,7407.0,9.0,Maule,Linares,Villa Alegre,MAULE,07 Maule
-35.67841,-71.58342,2025-10-02,1841,N,VIIRS,n,"3,18",D,2025-10-02 18:41,America/Santiago,2025-10-02 15:41,"17,80",24,2025-10-02 15:50,48.0,7407.0,9.0,Maule,Linares,Villa Alegre,MAULE,07 Maule
-34.82513,-71.04872,2025-10-02,1841,N,VIIRS,n,"8,06",D,2025-10-02 18:41,America/Santiago,2025-10-02 15:41,"17,80",24,2025-10-02 15:50,44.0,7308.0,9.0,Maule,Curicó,Teno,MAULE,07 Maule
-34.40328,-71.38889,2025-10-02,1841,N,VIIRS,n,"5,28",D,2025-10-02 18:41,America/Santiago,2025-10-02 15:41,"17,80",24,2025-10-02 15:50,77.0,6113.0,8.0,O'Higgins,Cachapoal,Pichidegua,LGBO,06 O'Higgins
-34.29427,-71.26978,2025-10-02,1841,N,VIIRS,n,"4,09",D,2025-10-02 18:41,America/Santiago,2025-10-02 15:41,"17,80",24,2025-10-02 15:50,277.0,6112.0,8.0,O'Higgins,Cachapoal,Peumo,LGBO,06 O'Higgins
-37.40217,-72.07708,2025-10-02,1841,N,VIIRS,n,"1,40",D,2025-10-02 18:41,America/Santiago,2025-10-02 15:41,"17,80",24,2025-10-02 15:50,180.0,8301.0,11.0,Biobío,Biobío,Los Angeles,BBIO,08 Biobío
-37.70758,-72.33379,2025-10-02,1841,N,VIIRS,n,"6,36",D,2025-10-02 18:41,America/Santiago,2025-10-02 15:41,"17,80",24,2025-10-02 15:50,181.0,8305.0,11.0,Biobío,Biobío,Mulchén,BBIO,08 Biobío
-37.54342,-72.50117,2025-10-02,1841,N,VIIRS,n,"2,62",D,2025-10-02 18:41,America/Santiago,2025-10-02 15:41,"17,80",24,2025-10-02 15:50,180.0,8301.0,11.0,Biobío,Biobío,Los Angeles,BBIO,08 Biobío
-35.77773,-71.77407,2025-10-02,1841,N,VIIRS,n,"3,94",D,2025-10-02 18:41,America/Santiago,2025-10-02 15:41,"17,80",24,2025-10-02 15:50,117.0,7401.0,9.0,Maule,Linares,Linares,MAULE,07 Maule
-36.18672,-71.85146,2025-10-02,1841,N,VIIRS,n,"1,01",D,2025-10-02 18:41,America/Santiago,2025-10-02 15:41,"17,80",24,2025-10-02 15:50,114.0,7404.0,9.0,Maule,Linares,Parral,MAULE,07 Maule
-36.47662,-72.80869,2025-10-02,1841,N,VIIRS,l,"2,81",D,2025-10-02 18:41,America/Santiago,2025-10-02 15:41,"17,80",24,2025-10-02 15:50,171.0,16203.0,10.0,Ñuble,Itata,Coelemu,NUBLE,16 Ñuble
-36.71164,-71.97768,2025-10-02,1841,N,VIIRS,n,"7,19",D,2025-10-02 18:41,America/Santiago,2025-10-02 15:41,"17,80",24,2025-10-02 15:50,128.0,16106.0,10.0,Ñuble,Diguillín,Pinto,NUBLE,16 Ñuble
-36.7759,-71.22996,2025-10-02,1841,N,VIIRS,n,"7,01",D,2025-10-02 18:41,America/Santiago,2025-10-02 15:41,"17,80",24,2025-10-02 15:50,268.0,16304.0,10.0,Ñuble,Punilla,San Fabián,NUBLE,16 Ñuble
-36.77657,-71.23428,2025-10-02,1841,N,VIIRS,n,"7,86",D,2025-10-02 18:41,America/Santiago,2025-10-02 15:41,"17,80",24,2025-10-02 15:50,268.0,16304.0,10.0,Ñuble,Punilla,San Fabián,NUBLE,16 Ñuble
-36.77724,-71.23054,2025-10-02,1841,N,VIIRS,n,"5,57",D,2025-10-02 18:41,America/Santiago,2025-10-02 15:41,"17,80",24,2025-10-02 15:50,268.0,16304.0,10.0,Ñuble,Punilla,San Fabián,NUBLE,16 Ñuble
-36.81577,-71.9963,2025-10-02,1841,N,VIIRS,n,"1,03",D,2025-10-02 18:41,America/Santiago,2025-10-02 15:41,"17,80",24,2025-10-02 15:50,131.0,16108.0,10.0,Ñuble,Diguillín,San Ignacio,NUBLE,16 Ñuble
-37.00171,-72.87951,2025-10-02,1841,N,VIIRS,n,"10,65",D,2025-10-02 18:41,America/Santiago,2025-10-02 15:41,"17,80",24,2025-10-02 15:50,291.0,8105.0,11.0,Biobío,Concepción,Hualqui,BBIO,08 Biobío
-37.00234,-72.88399,2025-10-02,1841,N,VIIRS,n,"3,82",D,2025-10-02 18:41,America/Santiago,2025-10-02 15:41,"17,80",24,2025-10-02 15:50,291.0,8105.0,11.0,Biobío,Concepción,Hualqui,BBIO,08 Biobío
-33.2947,-70.72745,2025-10-02,1841,N,VIIRS,n,"4,79",D,2025-10-02 18:41,America/Santiago,2025-10-02 15:41,"17,80",24,2025-10-02 15:50,9.0,13301.0,7.0,Metropolitana,Chacabuco,Colina,RM,13 Metropolitana
-37.54004,-72.50192,2025-10-02,1841,N,VIIRS,n,"2,62",D,2025-10-02 18:41,America/Santiago,2025-10-02 15:41,"17,80",24,2025-10-02 15:50,180.0,8301.0,11.0,Biobío,Biobío,Los Angeles,BBIO,08 Biobío
-37.93183,-72.71886,2025-10-02,1841,N,VIIRS,l,"3,10",D,2025-10-02 18:41,America/Santiago,2025-10-02 15:41,"17,80",24,2025-10-02 15:50,214.0,9206.0,12.0,La Araucanía,Malleco,Los Sauces,ARAUC,09 La Araucanía
-37.73254,-72.02417,2025-10-02,1841,N,VIIRS,n,"3,08",D,2025-10-02 18:41,America/Santiago,2025-10-02 15:41,"17,80",24,2025-10-02 15:50,181.0,8305.0,11.0,Biobío,Biobío,Mulchén,BBIO,08 Biobío
-37.72919,-72.02494,2025-10-02,1841,N,VIIRS,n,"3,08",D,2025-10-02 18:41,America/Santiago,2025-10-02 15:41,"17,80",24,2025-10-02 15:50,181.0,8305.0,11.0,Biobío,Biobío,Mulchén,BBIO,08 Biobío
-37.72842,-72.04348,2025-10-02,1841,N,VIIRS,n,"10,49",D,2025-10-02 18:41,America/Santiago,2025-10-02 15:41,"17,80",24,2025-10-02 15:50,181.0,8305.0,11.0,Biobío,Biobío,Mulchén,BBIO,08 Biobío
-37.72571,-72.04869,2025-10-02,1841,N,VIIRS,n,"10,49",D,2025-10-02 18:41,America/Santiago,2025-10-02 15:41,"17,80",24,2025-10-02 15:50,181.0,8305.0,11.0,Biobío,Biobío,Mulchén,BBIO,08 Biobío
-37.72506,-72.04425,2025-10-02,1841,N,VIIRS,n,"10,49",D,2025-10-02 18:41,America/Santiago,2025-10-02 15:41,"17,80",24,2025-10-02 15:50,181.0,8305.0,11.0,Biobío,Biobío,Mulchén,BBIO,08 Biobío
-37.71094,-72.33303,2025-10-02,1841,N,VIIRS,n,"3,14",D,2025-10-02 18:41,America/Santiago,2025-10-02 15:41,"17,80",24,2025-10-02 15:50,181.0,8305.0,11.0,Biobío,Biobío,Mulchén,BBIO,08 Biobío
-37.71031,-72.32854,2025-10-02,1841,N,VIIRS,n,"2,55",D,2025-10-02 18:41,America/Santiago,2025-10-02 15:41,"17,80",24,2025-10-02 15:50,181.0,8305.0,11.0,Biobío,Biobío,Mulchén,BBIO,08 Biobío
-35.93836,-72.24708,2025-10-02,1841,N,VIIRS,n,"3,86",D,2025-10-02 18:41,America/Santiago,2025-10-02 15:41,"17,80",24,2025-10-02 15:50,127.0,7201.0,9.0,Maule,Cauquenes,Cauquenes,MAULE,07 Maule
-37.70694,-72.32931,2025-10-02,1841,N,VIIRS,n,"5,03",D,2025-10-02 18:41,America/Santiago,2025-10-02 15:41,"17,80",24,2025-10-02 15:50,181.0,8305.0,11.0,Biobío,Biobío,Mulchén,BBIO,08 Biobío
-32.80366,-70.9534,2025-10-02,1841,N,VIIRS,n,"6,44",D,2025-10-02 18:41,America/Santiago,2025-10-02 15:41,"17,80",24,2025-10-02 15:50,123.0,5702.0,6.0,Valparaíso,San Felipe de Aconcagua,Catemu,VALPO,05 Valparaíso
-37.0051,-72.87875,2025-10-02,1841,N,VIIRS,n,"10,65",D,2025-10-02 18:41,America/Santiago,2025-10-02 15:41,"17,80",24,2025-10-02 15:50,291.0,8105.0,11.0,Biobío,Concepción,Hualqui,BBIO,08 Biobío
-37.00572,-72.88322,2025-10-02,1841,N,VIIRS,l,"3,82",D,2025-10-02 18:41,America/Santiago,2025-10-02 15:41,"17,80",24,2025-10-02 15:50,291.0,8105.0,11.0,Biobío,Concepción,Hualqui,BBIO,08 Biobío
-22.31582,-68.87853,2025-10-02,1843,N,VIIRS,n,"10,61",D,2025-10-02 18:43,America/Santiago,2025-10-02 15:43,"17,77",24,2025-10-02 15:50,236.0,2201.0,3.0,Antofagasta,El Loa,Calama,ANTOF,02 Antofagasta
-23.81221,-70.2834,2025-10-02,1843,N,VIIRS,n,"5,66",D,2025-10-02 18:43,America/Santiago,2025-10-02 15:43,"17,77",24,2025-10-02 15:50,239.0,2101.0,3.0,Antofagasta,Antofagasta,Antofagasta,ANTOF,02 Antofagasta
-25.10712,-70.30853,2025-10-02,1843,N,VIIRS,n,"5,05",D,2025-10-02 18:43,America/Santiago,2025-10-02 15:43,"17,77",24,2025-10-02 15:50,135.0,2104.0,3.0,Antofagasta,Antofagasta,Taltal,ANTOF,02 Antofagasta
-25.10863,-70.31125,2025-10-02,1843,N,VIIRS,n,"6,78",D,2025-10-02 18:43,America/Santiago,2025-10-02 15:43,"17,77",24,2025-10-02 15:50,135.0,2104.0,3.0,Antofagasta,Antofagasta,Taltal,ANTOF,02 Antofagasta
-25.11092,-70.30789,2025-10-02,1843,N,VIIRS,n,"5,05",D,2025-10-02 18:43,America/Santiago,2025-10-02 15:43,"17,77",24,2025-10-02 15:50,135.0,2104.0,3.0,Antofagasta,Antofagasta,Taltal,ANTOF,02 Antofagasta
-25.11153,-70.30565,2025-10-02,1843,N,VIIRS,n,"7,22",D,2025-10-02 18:43,America/Santiago,2025-10-02 15:43,"17,77",24,2025-10-02 15:50,135.0,2104.0,3.0,Antofagasta,Antofagasta,Taltal,ANTOF,02 Antofagasta
-25.11471,-70.30722,2025-10-02,1843,N,VIIRS,l,"4,89",D,2025-10-02 18:43,America/Santiago,2025-10-02 15:43,"17,77",24,2025-10-02 15:50,135.0,2104.0,3.0,Antofagasta,Antofagasta,Taltal,ANTOF,02 Antofagasta
-25.11758,-70.30162,2025-10-02,1843,N,VIIRS,l,"4,89",D,2025-10-02 18:43,America/Santiago,2025-10-02 15:43,"17,77",24,2025-10-02 15:50,135.0,2104.0,3.0,Antofagasta,Antofagasta,Taltal,ANTOF,02 Antofagasta
-25.12138,-70.30096,2025-10-02,1843,N,VIIRS,l,"3,72",D,2025-10-02 18:43,America/Santiago,2025-10-02 15:43,"17,77",24,2025-10-02 15:50,135.0,2104.0,3.0,Antofagasta,Antofagasta,Taltal,ANTOF,02 Antofagasta
-25.12517,-70.30029,2025-10-02,1843,N,VIIRS,l,"3,72",D,2025-10-02 18:43,America/Santiago,2025-10-02 15:43,"17,77",24,2025-10-02 15:50,135.0,2104.0,3.0,Antofagasta,Antofagasta,Taltal,ANTOF,02 Antofagasta
-18.49932,-69.5041,2025-10-02,1843,N,VIIRS,l,"3,97",D,2025-10-02 18:43,America/Santiago,2025-10-02 15:43,"17,77",24,2025-10-02 15:50,34.0,15201.0,1.0,Arica y Parinacota,Parinacota,Putre,AyP,15 Arica y Parinacota
-36.609,-72.082,2025-10-02,1848,GOES,GOES,51.0,"24,70",D,2025-10-02 18:48,America/Santiago,2025-10-02 15:48,"17,69",24,2025-10-02 15:50,126.0,16101.0,10.0,Ñuble,Diguillín,Chillán,NUBLE,16 Ñuble
-52.94429,-70.80318,2025-10-02,1856,N20,VIIRS,n,"4,12",D,2025-10-02 18:56,America/Santiago,2025-10-02 15:56,"17,55",24,2025-10-02 16:00,97.0,12101.0,16.0,Magallanes,Magallanes,Punta Arenas,MAG,12 Magallanes
-37.00395,-72.88056,2025-10-02,1900,N20,VIIRS,n,"11,17",D,2025-10-02 19:00,America/Santiago,2025-10-02 16:00,"17,49",24,2025-10-02 16:00,291.0,8105.0,11.0,Biobío,Concepción,Hualqui,BBIO,08 Biobío
-37.00764,-72.87955,2025-10-02,1900,N20,VIIRS,n,"11,17",D,2025-10-02 19:00,America/Santiago,2025-10-02 16:00,"17,49",24,2025-10-02 16:00,291.0,8105.0,11.0,Biobío,Concepción,Hualqui,BBIO,08 Biobío
-36.77493,-71.22986,2025-10-02,1900,N20,VIIRS,n,"2,59",D,2025-10-02 19:00,America/Santiago,2025-10-02 16:00,"17,49",24,2025-10-02 16:00,268.0,16304.0,10.0,Ñuble,Punilla,San Fabián,NUBLE,16 Ñuble
-37.27447,-72.45758,2025-10-02,1900,N20,VIIRS,n,"3,68",D,2025-10-02 19:00,America/Santiago,2025-10-02 16:00,"17,49",24,2025-10-02 16:00,180.0,8301.0,11.0,Biobío,Biobío,Los Angeles,BBIO,08 Biobío
-37.44454,-72.30435,2025-10-02,1900,N20,VIIRS,n,"1,51",D,2025-10-02 19:00,America/Santiago,2025-10-02 16:00,"17,49",24,2025-10-02 16:00,180.0,8301.0,11.0,Biobío,Biobío,Los Angeles,BBIO,08 Biobío
-36.47858,-72.80589,2025-10-02,1900,N20,VIIRS,n,"3,83",D,2025-10-02 19:00,America/Santiago,2025-10-02 16:00,"17,49",24,2025-10-02 16:00,171.0,16203.0,10.0,Ñuble,Itata,Coelemu,NUBLE,16 Ñuble
-37.54219,-72.50052,2025-10-02,1900,N20,VIIRS,n,"6,89",D,2025-10-02 19:00,America/Santiago,2025-10-02 16:00,"17,49",24,2025-10-02 16:00,180.0,8301.0,11.0,Biobío,Biobío,Los Angeles,BBIO,08 Biobío
-37.65654,-72.76323,2025-10-02,1900,N20,VIIRS,n,"2,88",D,2025-10-02 19:00,America/Santiago,2025-10-02 16:00,"17,49",24,2025-10-02 16:00,212.0,9201.0,12.0,La Araucanía,Malleco,Angol,ARAUC,09 La Araucanía
-37.70863,-72.32661,2025-10-02,1900,N20,VIIRS,n,"8,79",D,2025-10-02 19:00,America/Santiago,2025-10-02 16:00,"17,49",24,2025-10-02 16:00,181.0,8305.0,11.0,Biobío,Biobío,Mulchén,BBIO,08 Biobío
-36.77915,-71.22974,2025-10-02,1900,N20,VIIRS,n,"3,80",D,2025-10-02 19:00,America/Santiago,2025-10-02 16:00,"17,49",24,2025-10-02 16:00,268.0,16304.0,10.0,Ñuble,Punilla,San Fabián,NUBLE,16 Ñuble
-36.77591,-71.23444,2025-10-02,1900,N20,VIIRS,n,"2,59",D,2025-10-02 19:00,America/Santiago,2025-10-02 16:00,"17,49",24,2025-10-02 16:00,268.0,16304.0,10.0,Ñuble,Punilla,San Fabián,NUBLE,16 Ñuble
-37.70974,-72.33223,2025-10-02,1900,N20,VIIRS,n,"12,78",D,2025-10-02 19:00,America/Santiago,2025-10-02 16:00,"17,49",24,2025-10-02 16:00,181.0,8305.0,11.0,Biobío,Biobío,Mulchén,BBIO,08 Biobío
-37.73066,-72.0219,2025-10-02,1900,N20,VIIRS,n,"4,00",D,2025-10-02 19:00,America/Santiago,2025-10-02 16:00,"17,49",24,2025-10-02 16:00,181.0,8305.0,11.0,Biobío,Biobío,Mulchén,BBIO,08 Biobío
-38.17353,-73.36658,2025-10-02,1900,N20,VIIRS,n,"2,24",D,2025-10-02 19:00,America/Santiago,2025-10-02 16:00,"17,49",24,2025-10-02 16:00,166.0,8207.0,11.0,Biobío,Arauco,Tirúa,BBIO,08 Biobío
-35.838699,-71.59848,2025-10-02,1900,GOES,GOES,30.0,"15,17",D,2025-10-02 19:00,America/Santiago,2025-10-02 16:00,"17,49",24,2025-10-02 16:00,117.0,7401.0,9.0,Maule,Linares,Linares,MAULE,07 Maule
-38.92949,-72.09375,2025-10-02,1900,N20,VIIRS,n,"7,04",D,2025-10-02 19:00,America/Santiago,2025-10-02 16:00,"17,49",24,2025-10-02 16:00,201.0,9103.0,12.0,La Araucanía,Cautín,Cunco,ARAUC,09 La Araucanía
-33.26217,-70.91805,2025-10-02,1902,N20,VIIRS,n,"6,42",D,2025-10-02 19:02,America/Santiago,2025-10-02 16:02,"17,45",24,2025-10-02 16:10,177.0,13302.0,7.0,Metropolitana,Chacabuco,Lampa,RM,13 Metropolitana
-33.2634,-70.9203,2025-10-02,1902,N20,VIIRS,n,"5,30",D,2025-10-02 19:02,America/Santiago,2025-10-02 16:02,"17,45",24,2025-10-02 16:10,177.0,13302.0,7.0,Metropolitana,Chacabuco,Lampa,RM,13 Metropolitana
-35.94005,-72.24647,2025-10-02,1902,N20,VIIRS,l,"3,07",D,2025-10-02 19:02,America/Santiago,2025-10-02 16:02,"17,45",24,2025-10-02 16:10,127.0,7201.0,9.0,Maule,Cauquenes,Cauquenes,MAULE,07 Maule
-34.82491,-71.05112,2025-10-02,1902,N20,VIIRS,n,"4,80",D,2025-10-02 19:02,America/Santiago,2025-10-02 16:02,"17,45",24,2025-10-02 16:10,44.0,7308.0,9.0,Maule,Curicó,Teno,MAULE,07 Maule
-35.67829,-71.58472,2025-10-02,1902,N20,VIIRS,n,"11,66",D,2025-10-02 19:02,America/Santiago,2025-10-02 16:02,"17,45",24,2025-10-02 16:10,48.0,7407.0,9.0,Maule,Linares,Villa Alegre,MAULE,07 Maule
-33.29436,-70.72655,2025-10-02,1902,N20,VIIRS,n,"4,42",D,2025-10-02 19:02,America/Santiago,2025-10-02 16:02,"17,45",24,2025-10-02 16:10,9.0,13301.0,7.0,Metropolitana,Chacabuco,Colina,RM,13 Metropolitana
-27.09198,-70.73359,2025-10-02,1904,N20,VIIRS,n,"1,56",D,2025-10-02 19:04,America/Santiago,2025-10-02 16:04,"17,42",24,2025-10-02 16:10,138.0,3102.0,4.0,Atacama,Copiapó,Caldera,ATCMA,03 Atacama
-26.70431,-69.93329,2025-10-02,1904,N20,VIIRS,n,"2,53",D,2025-10-02 19:04,America/Santiago,2025-10-02 16:04,"17,42",24,2025-10-02 16:10,136.0,3202.0,4.0,Atacama,Chañaral,Diego de Almagro,ATCMA,03 Atacama
-26.69362,-69.93583,2025-10-02,1904,N20,VIIRS,l,"2,83",D,2025-10-02 19:04,America/Santiago,2025-10-02 16:04,"17,42",24,2025-10-02 16:10,136.0,3202.0,4.0,Atacama,Chañaral,Diego de Almagro,ATCMA,03 Atacama
-26.69983,-69.93823,2025-10-02,1904,N20,VIIRS,l,"2,53",D,2025-10-02 19:04,America/Santiago,2025-10-02 16:04,"17,42",24,2025-10-02 16:10,136.0,3202.0,4.0,Atacama,Chañaral,Diego de Almagro,ATCMA,03 Atacama
-22.16872,-70.09564,2025-10-02,1904,N20,VIIRS,n,"2,85",D,2025-10-02 19:04,America/Santiago,2025-10-02 16:04,"17,42",24,2025-10-02 16:10,243.0,2301.0,3.0,Antofagasta,Tocopilla,Tocopilla,ANTOF,02 Antofagasta
-23.81443,-70.28224,2025-10-02,1904,N20,VIIRS,n,"3,09",D,2025-10-02 19:04,America/Santiago,2025-10-02 16:04,"17,42",24,2025-10-02 16:10,239.0,2101.0,3.0,Antofagasta,Antofagasta,Antofagasta,ANTOF,02 Antofagasta
-26.70346,-69.92961,2025-10-02,1904,N20,VIIRS,l,"2,92",D,2025-10-02 19:04,America/Santiago,2025-10-02 16:04,"17,42",24,2025-10-02 16:10,136.0,3202.0,4.0,Atacama,Chañaral,Diego de Almagro,ATCMA,03 Atacama
-26.69897,-69.93456,2025-10-02,1904,N20,VIIRS,l,"2,53",D,2025-10-02 19:04,America/Santiago,2025-10-02 16:04,"17,42",24,2025-10-02 16:10,136.0,3202.0,4.0,Atacama,Chañaral,Diego de Almagro,ATCMA,03 Atacama
-26.69811,-69.93091,2025-10-02,1904,N20,VIIRS,n,"2,92",D,2025-10-02 19:04,America/Santiago,2025-10-02 16:04,"17,42",24,2025-10-02 16:10,136.0,3202.0,4.0,Atacama,Chañaral,Diego de Almagro,ATCMA,03 Atacama
-35.84682,-71.59257,2025-10-02,1942,Aqua,MODIS,35,"9,40",D,2025-10-02 19:42,America/Santiago,2025-10-02 16:42,"16,79",24,2025-10-02 16:50,117.0,7401.0,9.0,Maule,Linares,Linares,MAULE,07 Maule
-32.80766,-70.95897,2025-10-02,1942,Aqua,MODIS,73,"16,71",D,2025-10-02 19:42,America/Santiago,2025-10-02 16:42,"16,79",24,2025-10-02 16:50,123.0,5702.0,6.0,Valparaíso,San Felipe de Aconcagua,Catemu,VALPO,05 Valparaíso
-35.59835,-71.72558,2025-10-02,1942,Aqua,MODIS,49,"8,88",D,2025-10-02 19:42,America/Santiago,2025-10-02 16:42,"16,79",24,2025-10-02 16:50,43.0,7406.0,9.0,Maule,Linares,San Javier,MAULE,07 Maule
-22.32073,-68.88562,2025-10-02,1945,Aqua,MODIS,73,"15,64",D,2025-10-02 19:45,America/Santiago,2025-10-02 16:45,"16,74",24,2025-10-02 16:50,236.0,2201.0,3.0,Antofagasta,El Loa,Calama,ANTOF,02 Antofagasta
-36.47364,-72.80752,2025-10-02,1951,N21,VIIRS,n,"14,07",D,2025-10-02 19:51,America/Santiago,2025-10-02 16:51,"16,64",24,2025-10-02 17:00,171.0,16203.0,10.0,Ñuble,Itata,Coelemu,NUBLE,16 Ñuble
-36.47642,-72.806,2025-10-02,1951,N21,VIIRS,n,"11,70",D,2025-10-02 19:51,America/Santiago,2025-10-02 16:51,"16,64",24,2025-10-02 17:00,171.0,16203.0,10.0,Ñuble,Itata,Coelemu,NUBLE,16 Ñuble
-37.72446,-72.04635,2025-10-02,1951,N21,VIIRS,n,"3,37",D,2025-10-02 19:51,America/Santiago,2025-10-02 16:51,"16,64",24,2025-10-02 17:00,73.0,8308.0,11.0,Biobío,Biobío,Quilaco,BBIO,08 Biobío
-37.00552,-72.88473,2025-10-02,1951,N21,VIIRS,n,"12,35",D,2025-10-02 19:51,America/Santiago,2025-10-02 16:51,"16,64",24,2025-10-02 17:00,291.0,8105.0,11.0,Biobío,Concepción,Hualqui,BBIO,08 Biobío
-36.358,-71.581,2025-10-02,2248,GOES,GOES,79.0,"14,50",D,2025-10-02 22:48,America/Santiago,2025-10-02 19:48,"13,69",24,2025-10-02 19:50,114.0,7404.0,9.0,Maule,Linares,Parral,MAULE,07 Maule
-32.80001,-70.95311,2025-10-03,0224,Terra,MODIS,91,"17,41",N,2025-10-03 02:24,America/Santiago,2025-10-02 23:24,"10,09",12,2025-10-02 23:30,123.0,5702.0,6.0,Valparaíso,San Felipe de Aconcagua,Catemu,VALPO,05 Valparaíso
-52.94153,-70.81204,2025-10-03,0355,N21,VIIRS,n,"2,01",N,2025-10-03 03:55,America/Santiago,2025-10-03 00:55,"8,57",12,2025-10-03 01:00,97.0,12101.0,16.0,Magallanes,Magallanes,Punta Arenas,MAG,12 Magallanes
-52.94434,-70.80459,2025-10-03,0355,N21,VIIRS,n,"1,96",N,2025-10-03 03:55,America/Santiago,2025-10-03 00:55,"8,57",12,2025-10-03 01:00,97.0,12101.0,16.0,Magallanes,Magallanes,Punta Arenas,MAG,12 Magallanes
-52.94289,-70.80901,2025-10-03,0423,N,VIIRS,n,"1,71",N,2025-10-03 04:23,America/Santiago,2025-10-03 01:23,"8,10",12,2025-10-03 01:30,97.0,12101.0,16.0,Magallanes,Magallanes,Punta Arenas,MAG,12 Magallanes
-34.10104,-70.46024,2025-10-03,0440,N20,VIIRS,n,"7,02",N,2025-10-03 04:40,America/Santiago,2025-10-03 01:40,"7,82",12,2025-10-03 01:40,82.0,6108.0,8.0,O'Higgins,Cachapoal,Machalí,LGBO,06 O'Higgins
-34.10294,-70.4538,2025-10-03,0440,N20,VIIRS,n,"5,52",N,2025-10-03 04:40,America/Santiago,2025-10-03 01:40,"7,82",12,2025-10-03 01:40,82.0,6108.0,8.0,O'Higgins,Cachapoal,Machalí,LGBO,06 O'Higgins
-34.10439,-70.46138,2025-10-03,0440,N20,VIIRS,n,"7,25",N,2025-10-03 04:40,America/Santiago,2025-10-03 01:40,"7,82",12,2025-10-03 01:40,82.0,6108.0,8.0,O'Higgins,Cachapoal,Machalí,LGBO,06 O'Higgins
-52.94053,-70.80847,2025-10-03,0446,N20,VIIRS,n,"3,07",N,2025-10-03 04:46,America/Santiago,2025-10-03 01:46,"7,72",12,2025-10-03 01:50,97.0,12101.0,16.0,Magallanes,Magallanes,Punta Arenas,MAG,12 Magallanes
-22.31517,-68.88161,2025-10-03,0527,N21,VIIRS,n,"1,80",N,2025-10-03 05:27,America/Santiago,2025-10-03 02:27,"7,04",12,2025-10-03 02:30,236.0,2201.0,3.0,Antofagasta,El Loa,Calama,ANTOF,02 Antofagasta
-23.3629,-67.73073,2025-10-03,0527,N21,VIIRS,n,"2,07",N,2025-10-03 05:27,America/Santiago,2025-10-03 02:27,"7,04",12,2025-10-03 02:30,250.0,2203.0,3.0,Antofagasta,El Loa,San Pedro de Atacama,ANTOF,02 Antofagasta
-23.44321,-69.49589,2025-10-03,0527,N21,VIIRS,n,"3,55",N,2025-10-03 05:27,America/Santiago,2025-10-03 02:27,"7,04",12,2025-10-03 02:30,240.0,2103.0,3.0,Antofagasta,Antofagasta,Sierra Gorda,ANTOF,02 Antofagasta
-22.3165,-68.87965,2025-10-03,0527,N21,VIIRS,n,"1,88",N,2025-10-03 05:27,America/Santiago,2025-10-03 02:27,"7,04",12,2025-10-03 02:30,236.0,2201.0,3.0,Antofagasta,El Loa,Calama,ANTOF,02 Antofagasta
-32.80264,-70.95384,2025-10-03,0531,N21,VIIRS,n,"14,61",N,2025-10-03 05:31,America/Santiago,2025-10-03 02:31,"6,97",12,2025-10-03 02:40,123.0,5702.0,6.0,Valparaíso,San Felipe de Aconcagua,Catemu,VALPO,05 Valparaíso
-33.15117,-70.8329,2025-10-03,0531,N21,VIIRS,n,"1,27",N,2025-10-03 05:31,America/Santiago,2025-10-03 02:31,"6,97",12,2025-10-03 02:40,191.0,13303.0,7.0,Metropolitana,Chacabuco,Tiltil,RM,13 Metropolitana
-33.52157,-70.87238,2025-10-03,0531,N21,VIIRS,n,"0,78",N,2025-10-03 05:31,America/Santiago,2025-10-03 02:31,"6,97",12,2025-10-03 02:40,167.0,13119.0,7.0,Metropolitana,Santiago,Maipú,RM,13 Metropolitana
-34.10364,-70.45168,2025-10-03,0531,N21,VIIRS,n,"3,65",N,2025-10-03 05:31,America/Santiago,2025-10-03 02:31,"6,97",12,2025-10-03 02:40,82.0,6108.0,8.0,O'Higgins,Cachapoal,Machalí,LGBO,06 O'Higgins
-34.10622,-70.45737,2025-10-03,0531,N21,VIIRS,n,"3,65",N,2025-10-03 05:31,America/Santiago,2025-10-03 02:31,"6,97",12,2025-10-03 02:40,82.0,6108.0,8.0,O'Higgins,Cachapoal,Machalí,LGBO,06 O'Higgins
-33.29545,-70.72819,2025-10-03,0531,N21,VIIRS,n,"4,49",N,2025-10-03 05:31,America/Santiago,2025-10-03 02:31,"6,97",12,2025-10-03 02:40,9.0,13301.0,7.0,Metropolitana,Chacabuco,Colina,RM,13 Metropolitana
-35.0904,-71.33337,2025-10-03,0531,N21,VIIRS,n,"0,76",N,2025-10-03 05:31,America/Santiago,2025-10-03 02:31,"6,97",12,2025-10-03 02:40,39.0,7304.0,9.0,Maule,Curicó,Molina,MAULE,07 Maule
-35.12139,-71.71464,2025-10-03,0531,N21,VIIRS,n,"1,64",N,2025-10-03 05:31,America/Santiago,2025-10-03 02:31,"6,97",12,2025-10-03 02:40,265.0,7103.0,9.0,Maule,Talca,Curepto,MAULE,07 Maule
-35.3311,-71.78835,2025-10-03,0531,N21,VIIRS,n,"1,33",N,2025-10-03 05:31,America/Santiago,2025-10-03 02:31,"6,97",12,2025-10-03 02:40,41.0,7107.0,9.0,Maule,Talca,Pencahue,MAULE,07 Maule
-35.08687,-71.33238,2025-10-03,0531,N21,VIIRS,n,"1,50",N,2025-10-03 05:31,America/Santiago,2025-10-03 02:31,"6,97",12,2025-10-03 02:40,39.0,7304.0,9.0,Maule,Curicó,Molina,MAULE,07 Maule
-52.94489,-70.80629,2025-10-03,0536,N21,VIIRS,n,"3,13",N,2025-10-03 05:36,America/Santiago,2025-10-03 02:36,"6,89",12,2025-10-03 02:40,97.0,12101.0,16.0,Magallanes,Magallanes,Punta Arenas,MAG,12 Magallanes
-23.44233,-69.49512,2025-10-03,0555,N,VIIRS,n,"1,53",N,2025-10-03 05:55,America/Santiago,2025-10-03 02:55,"6,57",12,2025-10-03 03:00,240.0,2103.0,3.0,Antofagasta,Antofagasta,Sierra Gorda,ANTOF,02 Antofagasta
-23.36265,-67.7347,2025-10-03,0555,N,VIIRS,n,"2,83",N,2025-10-03 05:55,America/Santiago,2025-10-03 02:55,"6,57",12,2025-10-03 03:00,250.0,2203.0,3.0,Antofagasta,El Loa,San Pedro de Atacama,ANTOF,02 Antofagasta
-23.36391,-67.73254,2025-10-03,0555,N,VIIRS,n,"2,50",N,2025-10-03 05:55,America/Santiago,2025-10-03 02:55,"6,57",12,2025-10-03 03:00,250.0,2203.0,3.0,Antofagasta,El Loa,San Pedro de Atacama,ANTOF,02 Antofagasta
-23.44571,-69.49573,2025-10-03,0555,N,VIIRS,n,"1,53",N,2025-10-03 05:55,America/Santiago,2025-10-03 02:55,"6,57",12,2025-10-03 03:00,240.0,2103.0,3.0,Antofagasta,Antofagasta,Sierra Gorda,ANTOF,02 Antofagasta
-27.35594,-70.22595,2025-10-03,0557,N,VIIRS,n,"0,70",N,2025-10-03 05:57,America/Santiago,2025-10-03 02:57,"6,54",12,2025-10-03 03:00,139.0,3101.0,4.0,Atacama,Copiapó,Copiapó,ATCMA,03 Atacama
-35.33231,-71.78849,2025-10-03,0559,N,VIIRS,n,"0,61",N,2025-10-03 05:59,America/Santiago,2025-10-03 02:59,"6,50",12,2025-10-03 03:00,41.0,7107.0,9.0,Maule,Talca,Pencahue,MAULE,07 Maule
-34.10464,-70.45838,2025-10-03,0559,N,VIIRS,n,"2,87",N,2025-10-03 05:59,America/Santiago,2025-10-03 02:59,"6,50",12,2025-10-03 03:00,82.0,6108.0,8.0,O'Higgins,Cachapoal,Machalí,LGBO,06 O'Higgins
-35.08904,-71.33694,2025-10-03,0559,N,VIIRS,n,"1,34",N,2025-10-03 05:59,America/Santiago,2025-10-03 02:59,"6,50",12,2025-10-03 03:00,39.0,7304.0,9.0,Maule,Curicó,Molina,MAULE,07 Maule
-35.08551,-71.33633,2025-10-03,0559,N,VIIRS,n,"0,60",N,2025-10-03 05:59,America/Santiago,2025-10-03 02:59,"6,50",12,2025-10-03 03:00,39.0,7304.0,9.0,Maule,Curicó,Molina,MAULE,07 Maule
-33.52324,-70.87472,2025-10-03,0559,N,VIIRS,n,"0,61",N,2025-10-03 05:59,America/Santiago,2025-10-03 02:59,"6,50",12,2025-10-03 03:00,167.0,13119.0,7.0,Metropolitana,Santiago,Maipú,RM,13 Metropolitana
-33.2955,-70.72694,2025-10-03,0559,N,VIIRS,n,"2,05",N,2025-10-03 05:59,America/Santiago,2025-10-03 02:59,"6,50",12,2025-10-03 03:00,9.0,13301.0,7.0,Metropolitana,Chacabuco,Colina,RM,13 Metropolitana
-32.80304,-70.95106,2025-10-03,0559,N,VIIRS,n,"1,44",N,2025-10-03 05:59,America/Santiago,2025-10-03 02:59,"6,50",12,2025-10-03 03:00,123.0,5702.0,6.0,Valparaíso,San Felipe de Aconcagua,Catemu,VALPO,05 Valparaíso
-32.80243,-70.95553,2025-10-03,0559,N,VIIRS,n,"1,44",N,2025-10-03 05:59,America/Santiago,2025-10-03 02:59,"6,50",12,2025-10-03 03:00,123.0,5702.0,6.0,Valparaíso,San Felipe de Aconcagua,Catemu,VALPO,05 Valparaíso
-35.32884,-71.78777,2025-10-03,0559,N,VIIRS,n,"0,61",N,2025-10-03 05:59,America/Santiago,2025-10-03 02:59,"6,50",12,2025-10-03 03:00,41.0,7107.0,9.0,Maule,Talca,Pencahue,MAULE,07 Maule
-35.11966,-71.71759,2025-10-03,0559,N,VIIRS,n,"0,62",N,2025-10-03 05:59,America/Santiago,2025-10-03 02:59,"6,50",12,2025-10-03 03:00,265.0,7103.0,9.0,Maule,Talca,Curepto,MAULE,07 Maule
-52.94337,-70.8082,2025-10-03,0603,N,VIIRS,n,"2,17",N,2025-10-03 06:03,America/Santiago,2025-10-03 03:03,"6,44",12,2025-10-03 03:10,97.0,12101.0,16.0,Magallanes,Magallanes,Punta Arenas,MAG,12 Magallanes
-23.44342,-69.49515,2025-10-03,0618,N20,VIIRS,n,"2,26",N,2025-10-03 06:18,America/Santiago,2025-10-03 03:18,"6,19",12,2025-10-03 03:20,240.0,2103.0,3.0,Antofagasta,Antofagasta,Sierra Gorda,ANTOF,02 Antofagasta
-35.08796,-71.33784,2025-10-03,0620,N20,VIIRS,n,"1,26",N,2025-10-03 06:20,America/Santiago,2025-10-03 03:20,"6,15",12,2025-10-03 03:20,39.0,7304.0,9.0,Maule,Curicó,Molina,MAULE,07 Maule
-34.10631,-70.4591,2025-10-03,0620,N20,VIIRS,n,"3,09",N,2025-10-03 06:20,America/Santiago,2025-10-03 03:20,"6,15",12,2025-10-03 03:20,82.0,6108.0,8.0,O'Higgins,Cachapoal,Machalí,LGBO,06 O'Higgins
-34.1059,-70.46011,2025-10-03,0620,N20,VIIRS,n,"1,95",N,2025-10-03 06:20,America/Santiago,2025-10-03 03:20,"6,15",12,2025-10-03 03:20,82.0,6108.0,8.0,O'Higgins,Cachapoal,Machalí,LGBO,06 O'Higgins
-33.29283,-70.73145,2025-10-03,0620,N20,VIIRS,n,"2,86",N,2025-10-03 06:20,America/Santiago,2025-10-03 03:20,"6,15",12,2025-10-03 03:20,9.0,13301.0,7.0,Metropolitana,Chacabuco,Colina,RM,13 Metropolitana
-32.80151,-70.95431,2025-10-03,0620,N20,VIIRS,n,"1,42",N,2025-10-03 06:20,America/Santiago,2025-10-03 03:20,"6,15",12,2025-10-03 03:20,123.0,5702.0,6.0,Valparaíso,San Felipe de Aconcagua,Catemu,VALPO,05 Valparaíso
-32.80152,-70.95571,2025-10-03,0620,N20,VIIRS,n,"1,49",N,2025-10-03 06:20,America/Santiago,2025-10-03 03:20,"6,15",12,2025-10-03 03:20,123.0,5702.0,6.0,Valparaíso,San Felipe de Aconcagua,Catemu,VALPO,05 Valparaíso
-52.94236,-70.80877,2025-10-03,0625,N20,VIIRS,n,"2,02",N,2025-10-03 06:25,America/Santiago,2025-10-03 03:25,"6,07",12,2025-10-03 03:30,97.0,12101.0,16.0,Magallanes,Magallanes,Punta Arenas,MAG,12 Magallanes
